District Names,State/UT,Number of Households surveyed,Children_Anaemic,Non-pregnant women age 15-49 years who are anaemic (<12.0 g/dl)22 (%),Pregnant women age 15-49 years who are anaemic (<11.0 g/dl)22 (%),Women_Anaemic,All women age 15-19 years who are anaemic22 (%) ,Children_Stunted,Children_Wasted,Children under 5 years who are severely wasted (weight-for-height)19 (%),Children_Underweight,Children under 5 years who are overweight (weight-for-height)20 (%),Women (age 15-49 years) whose Body Mass Index (BMI) is below normal (BMI <18.5 kg/m2)21 (%),Electricity_Access,Improved_Water_Source,Improved_Sanitation,Clean_Fuel_Cooking,Households using iodized salt (%),Households with any usual member covered under a health insurance/financing scheme (%),Children age 5 years who attended pre-primary school during the school year 2019-20 (%),Women_Literacy,Women (age 15-49)  with 10 or more years of schooling (%)
Nicobars,Andaman & Nicobar Islands,882,37.7,38.4,*,38.3,48.0,21.6,15.7,7.8,24.6,1.5,8.2,97.9,98.8,83.5,56.9,99.4,2.7,29.5,87.5,53.5
North & Middle Andaman ,Andaman & Nicobar Islands,874,30.4,62.5,*,62.1,47.8,27.0,27.0,8.3,42.8,0.8,8.6,93.2,92.2,86.4,61.3,99.9,2.1,30.1,84.0,41.0
South Andaman ,Andaman & Nicobar Islands,868,43.4,57.6,*,57.7,43.2,21.1,12.6,3.5,17.4,7.2,10.0,99.6,97.9,89.3,91.9,99.7,1.2,50.8,86.7,57.5
Srikakulam ,Andhra Pradesh,874,59.6,62.8,*,62.6,59.2,19.7,19.5,7.4,21.4,4.5,13.8,99.9,87.7,71.6,74.7,76.5,75.6,0,64.3,42.5
Vizianagaram ,Andhra Pradesh,902,66.7,64.6,*,64.0,73.9,36.4,19.2,8.3,32.2,4.7,16.9,99.5,93.1,61.7,60.3,85.0,76.7,25.2,58.3,37.6
Visakhapatnam ,Andhra Pradesh,869,72.6,58.6,*,58.0,58.9,31.0,21.5,11.2,33.5,4.8,17.4,99.6,91.8,77.8,72.9,82.2,64.9,5,69.5,46.0
East Godavari ,Andhra Pradesh,888,66.8,63.2,*,63.0,65.2,23.1,14.3,3.8,22.4,3.4,10.2,98.8,97.9,77.7,80.3,81.2,66.4,11.2,77.9,43.2
West Godavari ,Andhra Pradesh,884,62.3,63.1,*,63.0,66.8,31.4,11.7,4.7,22.5,5.2,10.1,99.3,99.1,80.8,86.8,83.4,67.6,2.7,77.0,46.5
Krishna ,Andhra Pradesh,865,65.7,60.4,*,60.3,59.0,29.8,14.3,5.2,21.1,4.2,10.5,99.6,94.4,79.1,89.8,87.5,68.1,15.1,76.9,46.2
Guntur ,Andhra Pradesh,851,59.3,59.8,-51.9,59.5,54.6,23.8,17.8,8.1,26.9,3.6,9.6,99.2,99.3,83.4,91.7,85.8,71.1,7.6,68.5,32.6
Prakasam ,Andhra Pradesh,821,62.6,60.6,*,60.4,64.8,22.6,8.7,3.3,24.7,5.1,14.4,99.3,98.6,78.4,90.8,85.5,67.6,7.6,62.8,34.5
Sri Potti Sriramulu Nello ,Andhra Pradesh,865,67.5,59.6,*,59.4,68.6,29.2,17.2,6.9,27.8,0.5,15.2,99.1,95.6,81.8,84.6,85.6,72.3,9.6,70.5,38.7
Y.S.R. ,Andhra Pradesh,910,60.6,56.1,-57.6,56.1,60.2,34.4,14.1,4.2,26.7,0.2,15.9,99.8,99.9,85.4,94.3,80.2,73.3,9.5,63.8,40.0
Kurnool ,Andhra Pradesh,870,70.8,58.3,-67.8,58.6,61.1,50.5,16.7,6.0,46.3,1.1,20.6,99.9,97.9,73.5,78.1,70.4,73.3,5.5,57.0,33.4
Anantapur ,Andhra Pradesh,882,55.8,50.3,-54.9,50.5,50.0,36.0,19.3,4.0,40.6,0.3,21.9,99.6,98.8,71.3,86.4,88.6,73.2,17,63.6,31.3
Chittoor ,Andhra Pradesh,865,54.9,51.8,-52.7,51.8,43.9,27.1,14.8,6.3,27.9,0.5,20.1,99.7,98.5,74.6,86.6,85.5,70.7,14.2,69.3,40.3
Tawang ,Arunachal Pradesh,905,89.6,59.2,-57.4,59.1,76.3,30.4,7.1,1.9,9.0,21.1,1.2,99.7,99.8,81.7,88.1,99.9,33.5,3.3,59.1,39.2
West Kameng ,Arunachal Pradesh,959,66.6,38.4,18.2,37.4,50.9,24.2,23.2,11.9,13.4,15.5,1.9,97.5,99.8,88.9,88.9,98.9,38.3,3.9,73.7,43.6
East Kameng ,Arunachal Pradesh,940,51.7,26.9,-13.1,26.2,39.5,35.7,15.8,8.5,14.2,10.2,4.8,86.3,93.6,75.6,49.5,98.9,25.1,5.6,62.2,31.8
Papum Pare ,Arunachal Pradesh,950,53.4,39.4,-18.6,38.4,44.4,29.7,9.0,5.0,15.6,9.1,5.3,98.7,92.9,75.7,81.3,100.0,26.9,12.9,78.2,50.5
Upper Subansiri ,Arunachal Pradesh,988,60.4,36.6,-37.9,36.7,39.2,36.8,12.2,8.1,19.2,9.0,2.8,87.0,94.7,80.9,32.8,99.8,21.5,8,64.3,31.8
Upper Siang ,Arunachal Pradesh,935,51.0,29.4,-22.4,29.2,27.2,30.4,12.5,5.0,12.0,13.5,2.4,99.5,99.8,91.8,36.3,99.1,34.6,6.7,74.4,34.8
Changlang ,Arunachal Pradesh,981,65.3,57.1,-60.6,57.2,67.1,26.3,16.3,8.3,25.0,3.9,10.5,95.2,81.8,82.3,34.1,99.2,40.5,1.4,77.6,30.5
Lower Subansiri ,Arunachal Pradesh,986,52.4,41.1,-22.1,40.5,59.4,30.7,11.5,5.9,8.1,14.4,4.3,97.8,98.1,82.8,60.8,99.5,24.5,18.2,76.8,49.9
Dibang Valley ,Arunachal Pradesh,925,88.6,64.3,-39,62.9,67.7,16.9,18.1,7.8,16.0,4.6,3.8,79.2,100.0,95.0,49.3,99.6,28.7,3.2,77.8,43.2
Lower Dibang Valley ,Arunachal Pradesh,968,51.5,35.3,-19.6,34.6,39.4,14.3,7.6,2.9,9.7,5.0,4.1,84.4,99.5,89.9,57.4,98.7,36.8,2,81.6,51.9
Anjaw ,Arunachal Pradesh,932,57.1,36.9,19.7,35.9,42.2,23.6,14.3,7.5,16.0,2.9,2.4,96.4,86.6,86.8,29.0,99.6,17.5,2.5,67.9,28.8
East Siang ,Arunachal Pradesh,976,51.5,35.3,-32.8,35.2,40.4,24.6,8.6,4.2,10.3,9.0,6.8,97.3,97.3,83.9,52.4,99.4,30.5,18,83.8,55.6
Kra Daadi ,Arunachal Pradesh,516,62.0,24.3,-2,22.6,37.2,28.8,9.4,5.7,14.5,20.2,2.0,99.7,99.8,89.3,78.3,99.2,24.0,0,55.3,27.4
Kurung Kumey ,Arunachal Pradesh,542,62.4,35.5,*,34.8,42.2,29.2,15.1,5.3,13.9,5.8,2.7,99.2,99.8,78.3,57.3,99.7,13.4,5,76.5,34.7
Lohit ,Arunachal Pradesh,964,52.5,47.6,-33.2,47.2,51.5,24.5,12.7,4.9,12.9,7.6,8.0,98.9,96.9,83.7,63.9,97.9,31.9,5,73.4,37.3
Longding ,Arunachal Pradesh,946,38.4,35.0,19.1,34.1,37.7,15.8,20.6,14.2,13.8,4.2,4.0,97.4,62.5,83.5,22.4,99.3,23.8,0,71.9,27.7
Namsai ,Arunachal Pradesh,989,59.2,58.8,-52.6,58.6,58.5,28.7,12.4,4.2,17.7,6.2,12.8,96.5,93.5,75.1,28.7,99.1,30.9,1.6,67.1,22.2
Siang ,Arunachal Pradesh,960,24.9,24.4,-15.4,23.9,23.4,21.3,12.1,7.0,8.8,13.0,6.5,99.6,96.3,91.2,27.6,98.9,26.1,0,87.4,50.6
Tirap ,Arunachal Pradesh,961,48.4,32.4,-24.1,32.0,53.0,38.6,13.8,7.3,16.0,11.7,5.5,98.8,93.8,86.7,50.4,98.3,30.8,3.7,75.1,40.2
West Siang ,Arunachal Pradesh,945,45.6,31.2,-16.8,30.5,36.7,24.5,15.1,8.1,16.2,14.9,4.4,88.2,99.1,87.7,57.1,99.5,26.6,14.5,77.9,46.3
Kokrajhar ,Assam,897,74.7,59.5,-59.5,59.5,63.7,34.6,20.5,8.9,35.2,4.3,10.6,93.9,87.3,72.2,43.3,99.6,50.2,3.4,73.7,27.5
Goalpara ,Assam,917,60.7,65.5,-49.2,64.9,66.9,38.9,24.3,14.3,35.4,5.4,12.2,89.6,90.7,75.3,36.3,99.1,71.1,2.2,74.1,23.4
Barpeta ,Assam,914,63.5,65.6,47.6,64.8,70.7,29.8,19.5,7.5,26.2,6.1,14.6,88.9,98.1,63.7,38.7,96.3,58.9,2.7,74.8,31.7
Morigaon ,Assam,915,53.3,64.9,-48,64.2,71.8,43.2,16.1,7.5,30.5,4.3,15.0,89.5,94.6,62.3,37.6,97.0,62.5,0,78.7,24.5
Lakhimpur ,Assam,916,69.3,66.3,-42.3,65.4,71.5,38.5,18.2,7.5,34.4,2.3,17.3,97.2,81.2,74.2,36.1,99.9,67.0,11,83.9,42.1
Dhemaji ,Assam,918,73.1,62.9,-61.7,62.9,59.3,37.2,18.3,10.1,25.7,3.5,12.1,95.0,95.3,70.8,21.6,99.6,66.8,4.2,81.5,43.6
Tinsukia ,Assam,919,66.4,72.9,-71.7,72.8,71.5,32.8,21.5,9.4,32.2,2.7,17.6,95.7,96.8,66.7,40.9,99.3,60.0,2.4,70.5,25.6
Dibrugarh ,Assam,920,66.4,72.0,47.2,70.8,64.3,27.3,20.6,8.4,32.0,2.0,20.3,94.4,98.1,75.3,44.7,99.5,58.8,2.8,76.6,33.7
Golaghat ,Assam,919,75.1,77.2,-76.7,77.2,74.7,26.3,19.2,5.4,25.5,2.4,25.1,96.4,93.7,73.1,33.1,98.7,69.3,7.1,75.1,27.9
Dima Hasao ,Assam,918,73.1,61.1,-43.3,60.5,70.9,30.6,23.6,11.3,21.7,12.5,10.0,95.9,50.2,83.8,48.2,99.4,61.9,8.5,87.7,42.4
Cachar ,Assam,907,61.8,58.2,44,57.4,57.6,28.7,30.7,12.5,38.2,3.3,19.7,81.7,43.8,57.6,43.0,98.6,57.9,3.7,77.2,25.8
Karimganj ,Assam,917,64.1,52.5,41.9,52.0,60.6,29.1,48.0,30.5,52.9,1.0,17.8,87.1,62.3,61.5,39.6,98.7,64.4,7.1,80.7,19.6
Hailakandi ,Assam,905,59.5,61.5,58.7,61.4,58.1,42.9,22.2,8.2,42.4,2.0,25.7,91.2,41.2,60.0,35.2,97.6,53.6,6.5,82.2,25.3
Bongaigaon ,Assam,916,77.2,71.4,-51.2,70.6,73.8,46.2,20.2,7.4,35.3,8.8,13.1,97.0,95.3,72.5,49.8,98.3,57.6,7.7,75.8,28.6
Chirang ,Assam,912,70.4,65.7,-54.1,65.2,68.8,42.7,19.5,8.5,39.7,4.5,17.2,97.8,92.1,77.1,44.5,98.6,61.5,7.9,71.5,23.0
Kamrup ,Assam,894,72.9,71.7,-66.5,71.5,72.5,22.6,14.8,5.3,19.7,7.5,12.9,94.8,92.1,68.7,57.4,98.2,47.0,6.5,79.6,39.2
Kamrup Metropolitan ,Assam,903,80.4,75.2,-56.4,74.6,80.6,25.4,18.2,7.3,25.0,8.7,12.6,99.2,87.2,65.2,85.1,99.7,45.5,2.6,86.0,49.1
Nalbari ,Assam,886,71.0,66.9,-53.2,66.4,66.8,27.5,15.4,4.9,26.7,4.6,16.4,94.7,99.5,68.1,51.1,99.4,52.5,7,83.9,41.6
Baksa ,Assam,921,78.6,73.8,-65.3,73.6,76.6,41.2,17.0,6.2,34.0,8.6,15.1,98.1,89.8,68.9,35.2,98.9,69.0,3.3,74.8,27.8
Darrang ,Assam,918,66.8,71.4,51.6,70.4,69.9,42.0,27.0,9.1,33.1,5.6,17.4,89.5,99.7,67.9,30.1,97.4,53.7,3.2,75.6,27.5
Udalguri ,Assam,916,77.6,82.2,-63.9,81.5,72.6,33.8,21.3,11.6,32.5,5.2,16.1,95.5,82.3,73.8,34.0,99.3,70.6,1.7,70.0,23.8
Biswanath ,Assam,901,79.8,65.1,-45.1,64.4,67.8,42.7,27.1,13.7,41.0,3.3,22.0,91.1,76.2,76.6,35.0,98.0,68.4,2.9,69.2,23.0
Charaideo ,Assam,922,69.7,72.6,-61.6,72.3,76.1,39.0,23.5,7.3,34.8,4.0,24.7,91.7,96.4,75.9,27.3,99.7,64.9,1.7,71.9,26.2
Dhubri ,Assam,912,73.1,63.0,-69.7,63.2,65.2,48.5,21.5,6.7,37.8,6.0,22.2,92.5,96.7,61.8,40.7,99.1,59.4,5.3,69.5,20.4
Hojai ,Assam,896,56.8,56.6,-51.4,56.3,54.3,39.3,12.7,4.6,28.4,6.0,19.3,96.3,99.9,63.1,52.0,98.9,67.4,3.7,83.2,23.1
Jorhat ,Assam,917,74.1,72.4,-56.4,71.8,75.1,38.7,15.5,5.1,33.2,5.4,22.5,95.1,85.9,80.4,48.3,98.9,60.1,11.1,85.1,42.9
Karbi Anglong ,Assam,919,67.5,59.5,-42.1,59.0,57.5,31.6,17.2,8.7,28.2,4.3,10.0,97.0,79.6,75.2,33.4,99.8,54.1,1.6,78.8,30.3
Majuli ,Assam,921,73.0,68.1,*,67.8,65.5,35.4,14.1,3.9,22.2,3.8,18.0,93.5,98.6,65.6,19.3,99.8,60.8,5.2,83.4,41.7
Nagaon ,Assam,922,68.6,61.0,-62.4,61.0,65.1,38.9,19.4,5.2,32.4,7.4,21.5,94.5,96.1,66.1,38.6,98.7,59.4,4.7,78.4,22.1
Sivasagar ,Assam,919,67.5,68.0,-54.3,67.6,67.2,26.1,21.1,6.1,25.9,3.5,20.5,97.0,92.7,82.3,45.5,99.8,60.7,5.7,86.6,47.1
Sonitpur ,Assam,909,69.4,64.3,-47.3,63.6,55.5,36.7,13.1,4.5,21.9,3.2,21.4,88.2,82.9,72.2,45.8,99.4,66.9,3.6,76.9,24.3
South Salmara Mancachar ,Assam,912,69.6,58.2,37.6,57.1,64.5,38.9,18.2,7.1,27.9,5.9,11.9,79.5,98.2,59.0,28.5,98.9,68.2,1.9,63.5,20.9
West Karbi Anglong ,Assam,921,79.0,58.8,-38.8,57.9,58.8,40.9,23.2,12.7,31.1,3.9,13.1,94.7,44.7,76.7,17.7,98.9,63.1,3.7,73.9,21.7
Pashchim Champaran ,Bihar,934,61.6,49.8,61.4,50.6,56.3,43.5,13.2,5.4,30.3,2.4,24.6,93.5,99.7,43.3,31.4,97.7,20.0,9.2,52.5,21.6
Purba Champaran ,Bihar,934,61.0,57.1,61.1,57.3,64.4,49.1,16.8,5.7,37.9,3.8,23.4,94.8,99.9,48.3,44.2,96.9,19.4,5.8,50.2,20.1
Sheohar ,Bihar,944,73.1,63.4,37.3,61.6,64.3,34.4,35.4,21.4,42.2,3.4,20.0,97.6,100.0,57.9,31.3,95.6,18.1,3.3,52.5,21.0
Sitamarhi ,Bihar,911,70.0,61.8,59.7,61.7,61.4,54.2,16.2,4.7,40.8,2.2,31.8,93.1,99.7,50.7,40.5,95.0,20.7,9.5,51.7,19.2
Madhubani ,Bihar,918,71.0,60.9,68,61.4,69.2,43.3,17.1,6.0,36.0,2.0,25.1,98.6,100.0,38.2,40.0,91.9,19.2,8.3,53.2,26.5
Supaul ,Bihar,945,63.6,61.0,56.1,60.7,63.2,42.3,25.8,8.2,45.0,1.4,30.9,97.3,99.7,50.7,15.0,94.3,14.2,6.8,42.1,16.2
Araria ,Bihar,947,75.8,67.7,70.5,67.9,64.0,49.9,23.9,5.2,47.8,3.0,30.4,96.2,100.0,32.2,15.2,93.7,19.5,8.8,43.7,16.8
Kishanganj ,Bihar,929,67.5,64.9,68.4,65.1,62.6,38.8,23.9,7.6,41.1,1.5,29.1,95.8,100.0,52.4,15.3,94.8,8.1,5.9,48.0,15.0
Purnia ,Bihar,904,68.0,65.1,74.6,66.0,64.0,43.5,25.8,8.0,47.1,0.8,31.4,92.4,99.6,35.6,19.3,92.6,10.2,13.9,47.5,19.2
Katihar ,Bihar,892,65.6,68.9,61,68.4,66.7,43.9,23.5,8.7,48.1,1.4,26.4,92.0,99.2,44.6,16.9,96.7,8.4,8.8,49.7,19.8
Madhepura ,Bihar,931,67.7,65.4,69,65.7,70.4,46.3,20.6,6.2,43.5,1.5,32.0,97.0,99.3,34.6,13.4,95.4,9.5,11.6,47.6,23.2
Saharsa ,Bihar,907,69.3,65.7,61.8,65.3,67.9,47.8,20.5,8.3,42.7,1.9,31.0,97.2,100.0,40.5,25.2,94.6,12.8,3.7,43.1,20.9
Darbhanga ,Bihar,913,68.9,61.3,52.5,60.8,59.7,45.4,19.3,6.4,39.2,1.5,25.6,97.2,99.8,48.7,41.6,96.0,25.3,3.3,49.4,22.7
Muzaffarpur ,Bihar,914,64.6,58.7,61.7,58.9,66.1,42.6,19.9,8.1,34.7,1.9,25.2,96.6,99.9,55.2,41.5,96.1,13.2,4.9,63.0,33.8
Gopalganj ,Bihar,912,56.1,53.8,54,53.8,54.1,34.2,21.5,9.8,29.2,3.5,22.7,96.2,99.9,60.1,39.4,96.6,12.7,2.7,63.3,32.9
Siwan ,Bihar,941,63.9,53.0,-58,53.1,64.0,36.7,18.2,5.8,30.8,3.1,18.1,95.3,99.8,47.7,48.0,94.1,8.2,13.2,70.9,38.9
Saran ,Bihar,945,69.8,63.0,59.1,62.8,70.9,39.7,28.8,10.0,45.0,2.0,22.1,93.6,99.7,37.2,36.8,92.9,9.4,7.2,65.6,35.5
Vaishali ,Bihar,925,77.1,62.9,66.8,63.1,69.6,38.3,19.6,6.5,38.4,3.8,26.1,96.5,99.2,52.6,40.9,86.2,13.5,24.9,62.4,34.0
Samastipur ,Bihar,923,67.2,59.9,69.7,60.5,65.9,44.0,21.3,7.9,42.8,1.7,26.7,95.7,98.6,48.8,36.1,91.9,19.0,3.4,54.3,26.5
Begusarai ,Bihar,966,74.5,63.2,58.7,62.9,64.3,37.8,21.0,8.8,35.6,4.0,26.0,96.2,99.1,62.2,45.2,89.2,13.2,26.3,62.3,34.1
Khagaria ,Bihar,909,67.1,59.1,62.9,59.5,65.1,34.8,25.3,9.3,36.4,1.4,24.7,94.5,98.8,65.0,33.2,88.0,15.6,7.2,51.8,26.6
Bhagalpur ,Bihar,966,78.7,73.7,63.7,73.0,73.9,40.0,21.2,8.3,40.4,2.8,22.9,94.5,98.0,60.9,49.2,85.2,16.3,17.4,65.6,35.1
Banka ,Bihar,979,77.8,65.7,68.6,65.9,60.4,46.7,26.9,11.0,45.8,5.2,23.8,96.2,96.3,38.2,32.3,90.1,13.6,23.7,55.7,22.6
Munger ,Bihar,972,74.3,71.3,72.9,71.4,73.8,35.5,26.7,9.1,39.5,2.4,23.7,98.4,97.7,62.8,59.4,92.6,15.2,22.2,69.5,44.4
Lakhisarai ,Bihar,969,77.2,72.9,67.8,72.6,75.1,42.7,25.6,10.4,45.1,1.4,25.3,98.0,96.6,51.6,42.6,84.2,15.1,22.1,57.9,30.0
Sheikhpura ,Bihar,958,80.1,69.7,-64.2,69.5,73.9,53.6,16.3,7.7,37.6,5.6,24.1,97.3,98.4,54.2,40.3,90.3,9.7,9.5,55.0,28.3
Nalanda ,Bihar,962,80.3,71.5,61.7,71.0,70.2,42.6,27.8,12.1,46.7,1.8,23.8,98.9,98.9,52.5,41.0,89.1,12.8,16.3,56.1,28.8
Patna ,Bihar,897,65.4,67.3,-63.7,67.1,62.8,34.5,27.5,10.6,39.6,1.4,22.6,99.0,98.8,61.0,64.6,92.9,10.2,18.2,67.6,43.6
Bhojpur ,Bihar,974,67.7,73.9,68.3,73.6,72.7,40.7,31.3,13.0,44.0,2.2,23.1,97.9,99.7,45.9,42.9,92.2,9.6,16.2,64.1,34.6
Buxar ,Bihar,975,68.3,67.0,55.1,66.2,66.0,39.6,33.2,15.1,45.3,4.9,21.1,98.5,99.8,52.4,44.7,93.5,11.4,18.3,68.1,33.3
Kaimur (Bhabua) ,Bihar,973,71.4,70.6,-62.4,70.3,70.8,44.1,27.3,15.9,47.2,2.5,25.6,96.7,98.0,59.1,29.0,93.7,18.1,6.1,66.0,29.5
Rohtas ,Bihar,975,70.3,65.6,51,64.9,66.3,40.0,31.8,18.0,48.2,2.5,22.9,98.5,99.6,69.0,47.4,97.4,17.2,7.5,76.5,42.6
Aurangabad ,Bihar,970,68.4,60.9,53.1,60.5,56.9,41.2,32.9,18.5,48.7,4.7,25.8,97.7,100.0,47.1,38.9,92.4,15.4,12,67.6,36.9
Gaya ,Bihar,963,76.7,64.3,64.4,64.3,65.5,47.4,24.3,9.3,43.5,3.7,26.8,97.9,99.2,44.4,34.7,94.9,9.7,13.3,59.4,30.7
Nawada ,Bihar,963,73.3,70.1,74.3,70.4,73.7,49.4,18.2,9.1,37.3,1.1,28.4,97.4,99.3,47.9,40.7,98.2,8.1,15.3,62.1,37.3
Jamui ,Bihar,979,81.9,76.2,60.6,75.2,75.9,43.0,19.4,8.8,37.5,1.7,31.0,97.9,90.5,37.6,40.2,91.0,14.3,30.8,48.7,20.6
Jehanabad ,Bihar,949,61.9,67.8,72.1,68.1,72.3,41.3,36.6,15.2,51.7,1.8,27.2,99.3,99.8,45.5,34.3,91.0,13.2,20.3,63.2,30.5
Arwal ,Bihar,966,65.8,66.6,70.4,66.9,66.3,45.6,36.8,14.8,52.9,2.9,31.9,97.4,99.9,43.4,29.3,90.1,15.6,13.9,62.5,32.9
Chandigarh,Chandigarh,761,54.6,60.1,*,60.3,57.7,25.3,8.4,2.3,20.6,1.9,13.0,99.9,99.1,85.0,95.8,96.8,32.2,6.3,83.0,59.6
Koriya ,Chhattisgarh,906,56.3,65.0,-54.1,64.4,48.3,32.1,18.1,4.7,31.8,0.3,25.1,97.6,87.6,73.3,30.2,99.2,62.8,2,77.1,37.0
Jashpur ,Chhattisgarh,908,54.1,61.8,-54.5,61.5,60.3,35.8,17.0,3.9,33.6,1.0,27.5,98.2,88.8,72.8,14.8,98.8,80.6,6,75.1,34.9
Raigarh ,Chhattisgarh,889,62.7,62.5,-54.2,62.2,59.5,39.1,14.9,2.9,28.0,0.6,26.9,99.0,97.5,66.3,29.8,99.6,66.3,4.2,76.0,38.3
Korba ,Chhattisgarh,876,63.6,66.9,-54.6,66.4,70.5,34.7,14.7,8.0,27.9,6.3,24.4,97.9,82.2,73.3,35.5,95.4,60.6,14.3,77.6,37.1
Janjgir - Champa ,Chhattisgarh,920,74.1,66.6,60,66.3,67.9,32.5,24.6,12.0,30.2,6.6,21.5,99.5,97.2,78.8,24.8,99.4,74.0,7,77.0,37.3
Kabeerdham ,Chhattisgarh,915,67.5,43.9,-35.6,43.6,45.4,37.9,12.0,3.1,27.3,6.0,20.6,99.5,97.9,80.3,25.0,95.6,72.1,0,67.8,32.6
Rajnandgaon ,Chhattisgarh,919,80.5,58.6,*,58.3,55.5,27.6,19.4,6.5,31.0,2.2,25.9,99.3,98.8,79.2,27.4,99.2,80.8,0,82.4,38.9
Mahasamund ,Chhattisgarh,916,75.8,63.4,-56.5,63.0,63.0,36.8,14.0,3.6,25.8,3.4,21.3,98.4,98.8,84.2,30.4,98.9,76.2,6.1,72.6,31.2
Dhamtari ,Chhattisgarh,917,67.3,60.0,*,59.6,59.8,30.5,17.9,6.0,28.9,2.7,18.4,99.9,99.1,89.8,30.9,99.4,86.8,2.7,83.7,40.9
Uttar Bastar Kanker ,Chhattisgarh,915,62.3,66.3,-33.4,65.2,69.2,24.8,24.5,15.7,36.1,2.6,25.5,99.4,98.7,80.5,25.9,97.3,84.8,1.8,78.5,40.3
Narayanpur ,Chhattisgarh,916,86.8,72.8,57.2,72.0,72.0,43.7,21.5,8.3,39.5,6.3,28.1,90.1,90.5,52.8,19.5,98.4,83.1,5.5,53.8,26.5
Bijapur ,Chhattisgarh,915,77.2,72.9,60.3,72.1,68.7,53.8,20.0,8.0,46.1,3.9,43.6,86.8,94.3,30.6,18.5,98.6,73.5,1.2,46.3,24.2
Balod ,Chhattisgarh,919,68.3,56.6,-48.6,56.4,59.7,33.6,15.1,8.0,36.0,7.7,18.8,99.7,99.5,83.8,33.3,96.7,79.5,2.7,84.7,46.3
Baloda Bazar ,Chhattisgarh,914,67.8,61.5,-56.2,61.2,60.2,40.9,19.4,9.4,34.1,7.3,19.4,99.2,94.8,78.9,24.9,97.9,66.1,9.8,75.0,38.7
Balrampur ,Chhattisgarh,897,50.1,63.2,-65.5,63.4,55.6,35.1,23.0,7.9,38.8,1.6,28.7,97.9,84.4,57.3,13.2,99.5,62.3,1.5,66.8,32.2
Bastar ,Chhattisgarh,905,80.7,77.1,-79,77.2,80.3,48.1,20.4,9.1,45.2,5.2,34.9,96.8,94.1,61.0,31.6,97.1,69.3,16.1,54.6,25.3
Bemetara ,Chhattisgarh,922,61.8,46.9,-49.2,47.0,50.3,38.4,16.4,3.9,27.6,4.1,21.0,99.7,98.8,80.5,18.9,97.8,63.4,1.3,74.1,33.0
Bilaspur ,Chhattisgarh,881,78.1,59.3,-41.4,58.5,63.9,25.7,24.0,10.9,28.0,4.4,27.2,98.6,93.6,80.5,42.2,98.6,60.4,3,74.3,37.4
Dantewada ,Chhattisgarh,917,89.9,76.7,63,76.0,75.7,45.6,19.4,9.6,45.8,9.8,25.9,95.9,95.1,60.5,34.6,98.3,82.2,6.4,50.3,24.2
Durg ,Chhattisgarh,910,57.1,52.0,-41.2,51.7,61.8,38.9,16.9,10.1,27.7,3.0,12.5,99.6,98.5,89.5,76.3,98.0,67.0,4,84.6,52.7
Gariyaband ,Chhattisgarh,922,73.9,65.0,-55.3,64.6,63.2,28.9,21.9,10.6,22.1,13.5,20.0,98.7,96.8,81.0,17.1,99.2,79.8,7,72.1,27.8
Kodagaon ,Chhattisgarh,916,76.6,79.5,-87.6,79.7,79.7,37.6,22.8,8.8,42.2,5.5,31.3,97.8,98.8,79.5,12.4,99.0,80.6,3.6,56.1,24.7
Mungeli ,Chhattisgarh,912,62.0,54.6,-50.3,54.5,53.7,30.1,17.7,5.0,30.6,2.1,20.9,99.7,98.0,80.7,22.9,97.2,68.0,0,68.6,32.2
Raipur ,Chhattisgarh,915,74.6,59.8,-37.1,59.1,63.1,32.2,21.7,10.3,32.3,5.6,14.4,99.5,99.7,84.0,60.5,99.4,76.9,3.5,81.3,40.1
Sukma ,Chhattisgarh,922,91.4,79.0,65.8,78.4,77.9,41.8,21.2,9.9,37.4,6.5,34.5,98.3,96.0,35.5,14.4,99.0,78.1,1.5,40.5,15.9
Surajpur ,Chhattisgarh,914,51.1,61.0,-55.4,60.7,53.1,27.6,19.3,5.8,32.3,0.4,29.5,98.7,83.4,75.4,24.0,99.3,75.7,1.1,68.3,30.7
Surguja ,Chhattisgarh,872,51.4,58.8,-46.4,58.3,54.3,29.4,17.5,7.6,30.6,1.3,26.8,99.3,96.4,75.8,24.5,99.4,65.1,2.8,73.7,37.7
Diu ,Dadra and Nagar Haveli & Daman and Diu,911,62.8,50.4,-43.3,50.3,62.0,33.9,17.4,3.8,28.5,8.2,16.4,100.0,99.7,89.7,85.3,96.4,64.0,4.5,90.8,52.7
Daman ,Dadra and Nagar Haveli & Daman and Diu,851,82.5,60.8,*,60.8,63.0,30.0,25.2,7.9,29.3,1.4,22.3,99.5,96.0,67.1,92.1,97.0,32.9,10.1,85.9,42.9
Dadra & Nagar Haveli ,Dadra and Nagar Haveli & Daman and Diu,914,74.8,64.5,-62.1,64.4,64.3,42.4,20.9,3.3,42.1,1.5,27.0,99.7,94.8,63.1,74.3,85.0,58.8,1.6,72.8,31.5
North Goa ,Goa,925,55.2,40.2,*,40.0,46.2,24.2,17.7,7.3,25.8,2.7,14.1,100.0,98.1,87.7,96.7,98.1,64.8,17.6,92.4,72.0
South Goa ,Goa,931,50.0,37.3,*,37.6,42.5,28.3,21.4,8.0,21.0,2.8,13.5,100.0,99.0,88.2,96.2,96.9,67.7,20.5,93.8,70.9
Kachchh ,Gujarat,922,68.6,58.0,-43.1,57.5,62.6,37.5,20.2,10.6,33.4,2.6,28.1,99.2,96.8,85.8,67.2,98.0,34.3,6.5,75.6,24.1
Banas Kantha ,Gujarat,889,79.0,59.6,-68.6,60.0,65.8,39.0,25.5,8.5,44.1,1.2,36.7,91.1,93.6,53.9,45.6,96.6,41.0,2.3,63.7,17.6
Patan ,Gujarat,904,76.2,59.8,-60.1,59.8,60.2,50.5,20.9,6.5,42.3,3.1,29.3,98.3,99.4,73.1,62.6,98.1,50.2,1.5,71.1,22.6
Mahesana ,Gujarat,839,86.0,69.5,-62.9,69.3,77.7,31.0,28.2,12.0,41.4,1.5,24.4,97.7,97.0,72.1,63.1,91.5,40.7,5.5,75.1,32.6
Gandhinagar ,Gujarat,862,81.2,69.2,-57.4,68.8,72.8,38.1,30.6,9.9,44.6,0.5,21.2,97.8,99.7,84.6,76.9,93.6,29.7,5.2,81.8,37.9
Porbandar ,Gujarat,917,77.9,47.4,-54.9,47.6,52.4,18.2,21.8,14.2,25.5,3.9,15.8,99.8,96.2,85.7,76.9,99.0,42.1,5.7,84.3,35.9
Amreli ,Gujarat,870,72.0,50.3,*,50.0,47.0,35.3,23.7,7.2,30.6,6.8,18.3,99.6,97.8,73.3,65.6,93.5,47.7,12.9,77.2,27.2
Anand ,Gujarat,870,78.4,66.6,*,66.4,64.2,38.4,28.6,10.9,46.6,3.8,32.0,98.0,99.7,82.1,65.1,92.6,36.2,7.4,75.9,32.2
Dohad ,Gujarat,899,87.2,75.4,69.4,75.1,79.7,55.3,27.8,13.4,53.0,5.8,39.1,89.3,91.0,35.9,26.8,93.4,40.3,8.1,56.1,23.1
Narmada ,Gujarat,904,93.2,75.9,-75.6,75.9,83.0,47.2,23.0,9.9,52.8,3.1,30.7,92.7,96.8,54.6,31.3,98.5,51.1,4.9,67.3,22.6
Bharuch ,Gujarat,856,81.0,71.6,-77.2,71.8,69.8,40.9,24.5,8.0,45.5,4.7,30.3,98.2,97.2,77.7,60.2,98.9,37.4,3.7,74.0,31.5
The Dangs ,Gujarat,897,82.4,77.6,-66.8,77.2,77.1,37.6,40.9,22.2,53.1,1.1,33.7,95.9,91.2,71.7,23.4,98.2,44.3,3.5,68.9,20.7
Navsari ,Gujarat,893,75.3,68.9,*,68.7,72.6,36.8,29.0,9.3,43.6,3.4,21.8,98.7,97.4,80.1,70.2,95.1,42.0,0,84.1,47.7
Valsad ,Gujarat,882,87.6,75.8,-71,75.7,85.8,37.8,23.2,9.1,34.8,0.3,23.8,98.6,98.0,85.3,73.1,95.7,40.6,20.3,82.9,45.6
Surat ,Gujarat,902,83.6,69.3,-58.7,69.0,76.2,36.1,26.0,14.7,32.5,5.3,21.0,99.3,98.9,82.0,88.6,96.7,31.6,12.7,84.2,44.0
Tapi ,Gujarat,904,80.7,77.6,-72,77.4,72.8,41.7,36.6,17.1,51.8,1.9,35.4,97.6,99.0,70.2,45.5,97.9,42.3,4.3,72.0,32.5
Ahmadabad ,Gujarat,906,72.0,63.5,-70.1,63.7,67.3,35.5,17.5,7.4,34.0,4.6,19.4,99.5,98.7,86.4,89.7,98.7,36.2,6.5,81.5,42.7
Aravali ,Gujarat,901,89.5,77.1,-82.6,77.3,87.7,47.1,29.0,9.3,47.2,3.3,34.4,96.5,98.5,56.3,47.9,93.5,43.9,0,71.9,34.7
Bhavnagar ,Gujarat,871,71.5,49.1,-56.2,49.4,52.0,32.6,29.6,6.3,39.5,1.8,20.8,96.9,95.1,72.9,59.8,87.2,32.2,5.3,74.2,26.3
Botad ,Gujarat,866,75.5,59.1,-48.5,58.8,60.3,32.2,26.0,9.6,32.3,5.8,19.6,99.3,99.2,72.0,63.0,98.7,38.0,1.9,71.8,22.0
Chhota Udaipur ,Gujarat,896,87.7,79.1,-72.1,78.9,80.3,48.6,28.4,13.8,48.1,4.8,30.9,95.3,97.4,53.0,25.7,94.3,40.0,0,53.2,20.3
Devbhumi Dwarka ,Gujarat,915,66.7,48.8,-49.1,48.8,50.9,30.2,26.1,17.2,36.2,4.9,22.4,98.7,93.9,73.4,61.2,97.5,33.5,1.7,66.1,15.8
Gir Somnath ,Gujarat,900,68.9,49.6,-57.7,49.9,50.9,44.4,18.5,4.9,30.3,5.0,24.8,99.5,98.2,74.3,46.8,87.6,46.6,16.7,73.1,30.8
Jamnagar ,Gujarat,920,75.0,50.6,*,50.2,60.1,28.4,23.8,12.5,28.9,3.6,17.3,98.9,99.7,86.6,81.6,99.2,38.6,4.1,83.1,35.3
Junagadh ,Gujarat,886,74.7,58.8,-57.3,58.8,55.5,37.3,17.3,7.1,26.4,4.4,18.7,99.3,97.0,81.7,67.2,97.4,47.3,5.5,82.8,35.0
Kheda ,Gujarat,890,85.1,76.2,-72.9,76.1,77.6,37.3,30.9,12.1,39.5,2.5,32.2,96.9,97.7,63.3,48.0,89.8,32.2,13.7,70.9,24.2
Mahisagar ,Gujarat,899,85.9,73.2,-56.5,72.5,79.4,43.4,26.2,12.0,49.0,2.6,30.7,95.2,94.8,44.4,47.4,96.6,46.0,3.5,70.9,33.9
Morbi ,Gujarat,902,75.3,50.7,-50.1,50.7,62.0,32.9,25.2,12.5,32.3,4.0,21.2,99.9,98.3,80.1,73.6,98.1,34.4,0,82.4,35.4
Panch Mahals ,Gujarat,908,91.0,69.5,74,69.8,71.7,47.1,35.7,19.7,51.9,3.4,33.1,95.5,91.0,58.9,43.6,95.4,34.0,4.9,71.7,28.4
Rajkot ,Gujarat,882,77.0,60.6,*,60.5,72.7,38.9,17.6,7.3,37.0,8.1,19.5,99.6,99.5,85.4,83.6,98.6,45.1,2.2,84.7,42.6
Sabar Kantha ,Gujarat,892,81.1,67.9,-49.4,67.3,73.8,37.0,33.1,16.6,41.0,4.9,26.6,95.3,90.7,61.0,58.7,94.6,49.3,13,74.5,31.1
Surendranagar ,Gujarat,869,81.0,55.4,-60.8,55.6,56.9,39.2,27.1,8.8,41.8,5.2,24.1,99.4,96.9,63.8,56.9,97.6,50.4,0,75.1,23.3
Vadodara ,Gujarat,855,86.4,72.6,-65.9,72.3,74.3,42.3,20.1,5.2,39.9,6.4,20.9,97.3,99.5,85.6,78.1,94.6,41.7,17.8,84.6,46.4
Panchkula ,Haryana,679,53.1,57.4,*,57.1,64.8,21.8,12.0,5.0,19.3,3.9,14.1,99.5,99.2,82.6,81.1,97.6,19.9,4.5,87.9,60.3
Ambala ,Haryana,902,64.2,46.5,-33.8,46.1,49.2,24.1,10.9,4.0,13.7,6.2,14.8,99.6,99.3,87.2,81.6,96.2,19.0,23.5,88.9,55.3
Yamunanagar ,Haryana,916,72.9,56.3,-62.2,56.6,60.4,27.7,12.1,4.3,23.1,6.4,14.0,99.8,100.0,83.5,77.7,94.4,20.6,19,87.1,51.2
Kurukshetra ,Haryana,888,73.7,57.5,-46.3,57.1,57.7,24.9,12.8,5.0,22.5,7.0,11.8,99.6,99.9,82.6,77.6,97.1,19.2,20,83.9,48.4
Kaithal ,Haryana,737,61.4,62.5,-43.2,61.5,64.3,29.9,20.7,9.5,29.9,2.3,16.5,100.0,98.5,89.7,55.9,97.0,29.1,4.3,74.0,45.9
Karnal ,Haryana,918,78.3,62.1,-53.2,61.9,61.5,29.2,9.8,4.8,20.5,2.9,14.9,99.2,99.9,83.5,74.1,97.8,24.6,19.2,84.5,46.8
Panipat ,Haryana,852,73.4,66.8,-69,66.9,66.3,25.1,9.9,2.8,18.9,2.4,13.7,99.6,99.9,79.3,73.0,97.2,26.5,2.8,85.9,52.1
Sonipat ,Haryana,872,68.7,53.0,-61,53.3,52.8,23.6,9.2,5.1,12.7,3.6,13.2,99.3,97.2,86.7,69.9,96.6,22.4,6.4,89.1,56.8
Jind ,Haryana,861,68.9,59.5,-62.7,59.6,50.7,25.5,8.8,1.6,22.9,2.5,18.9,100.0,96.2,88.5,42.1,95.9,23.7,0,83.6,45.3
Fatehabad ,Haryana,753,59.3,62.5,-59,62.3,66.5,24.6,16.0,5.3,26.6,1.1,19.8,99.8,99.8,87.3,43.7,94.3,29.4,7.1,73.2,41.5
Sirsa ,Haryana,483,70.1,62.1,*,61.9,64.9,25.0,12.6,5.1,23.4,0.7,20.8,99.9,99.3,81.9,38.8,95.7,26.6,6.8,73.1,44.7
Hisar ,Haryana,832,70.5,64.0,-58.7,63.8,63.6,27.8,16.4,5.1,21.4,1.8,18.5,99.7,99.3,89.1,44.8,95.8,27.9,3.3,79.8,43.9
Rohtak ,Haryana,826,76.2,64.8,-77.1,65.3,63.1,28.9,12.5,2.9,22.1,4.1,15.9,99.7,98.5,90.0,67.3,95.0,24.8,5.1,88.5,55.9
Jhajjar ,Haryana,800,76.9,59.9,-65.7,60.1,65.2,15.6,8.0,3.5,9.7,6.3,10.1,99.8,96.6,91.7,55.9,96.3,27.0,1.8,89.1,62.7
Mahendragarh ,Haryana,890,72.3,61.2,-62.8,61.2,67.3,25.2,8.4,2.1,15.4,5.0,14.3,99.6,99.7,79.8,34.2,97.4,25.6,7,82.7,52.4
Rewari ,Haryana,883,71.3,61.9,-59.3,61.8,71.8,25.9,9.3,4.2,20.5,5.4,11.7,100.0,99.7,86.4,54.9,97.7,25.3,10.2,87.4,58.7
Gurgaon ,Haryana,800,67.7,68.0,-55.9,67.5,77.6,22.1,15.7,4.2,22.2,2.6,9.0,99.4,99.7,84.5,81.0,97.6,34.6,4.9,87.1,59.6
Mewat ,Haryana,890,76.4,61.1,55.2,60.6,66.4,44.4,14.2,7.1,37.3,3.5,19.2,98.6,97.1,71.7,22.0,93.4,11.5,1.7,45.1,13.9
Faridabad ,Haryana,857,68.4,54.8,-30.9,54.2,55.9,28.9,8.0,3.6,19.5,2.4,10.0,100.0,97.9,84.2,89.3,95.4,32.8,10.7,84.4,55.6
Palwal ,Haryana,897,71.6,57.2,-56.8,57.2,59.7,31.0,9.9,4.2,21.0,3.7,15.8,98.9,96.7,80.3,34.6,95.3,23.5,3.5,71.1,39.4
Bhiwani ,Haryana,855,69.2,66.8,-54.1,66.4,67.1,29.0,6.0,1.9,20.6,1.0,19.5,100.0,97.5,89.7,36.6,94.5,28.2,4,80.0,47.0
Charkhi Dadri ,Haryana,838,67.2,73.1,-62.4,72.6,71.1,23.9,10.6,2.6,16.9,1.8,17.0,99.5,97.3,90.4,36.2,95.5,29.7,11.6,84.4,54.5
Chamba ,Himachal Pradesh,907,46.5,43.9,-38.3,43.7,47.4,42.6,15.4,5.8,26.0,9.0,14.6,99.1,85.5,86.5,35.0,99.1,26.8,14,84.1,50.9
Kangra ,Himachal Pradesh,887,55.3,63.7,*,63.4,57.7,28.0,19.4,7.7,32.0,2.3,15.2,99.7,98.6,73.3,49.1,98.7,36.4,1.2,94.4,69.9
Lahul & Spiti ,Himachal Pradesh,875,91.0,82.3,*,82.1,85.8,28.5,16.3,10.3,18.4,7.4,9.9,99.8,89.2,61.7,71.7,99.2,31.2,9.6,86.2,55.9
Kullu ,Himachal Pradesh,883,75.3,53.7,-23.1,52.8,55.5,35.9,16.1,5.8,25.6,11.2,11.0,99.2,94.3,81.2,65.0,99.8,26.8,7.8,87.4,54.4
Mandi ,Himachal Pradesh,902,52.2,49.0,-43.5,48.9,49.9,31.3,19.9,8.0,21.3,7.0,12.8,99.5,96.5,87.0,38.6,98.9,41.3,2.6,94.0,71.8
Hamirpur ,Himachal Pradesh,881,52.0,49.4,*,49.5,48.2,27.3,14.9,4.9,23.6,0.8,17.2,99.7,98.0,85.5,44.7,99.2,32.0,3.5,94.8,76.1
Una ,Himachal Pradesh,860,58.7,60.8,-60.4,60.8,63.0,24.7,13.1,5.9,25.8,2.8,16.3,98.5,98.8,81.4,46.2,98.6,22.6,4.4,92.5,66.8
Bilaspur ,Himachal Pradesh,898,44.8,53.4,*,53.0,55.5,40.1,12.0,2.8,38.8,5.0,17.5,100.0,92.9,80.8,35.8,98.7,35.4,3.5,91.2,64.2
Solan ,Himachal Pradesh,883,50.4,48.4,-30.5,47.5,44.3,32.3,20.9,5.6,26.7,5.7,11.9,99.2,96.5,81.8,62.5,99.1,41.9,7.5,91.0,62.3
Sirmaur ,Himachal Pradesh,906,58.5,50.2,-46.3,50.1,54.1,28.6,18.5,9.1,24.2,6.6,16.1,99.2,95.7,84.3,46.8,98.5,26.2,1.8,84.9,55.6
Shimla ,Himachal Pradesh,904,59.1,46.7,*,46.5,51.9,27.1,15.5,7.8,14.9,8.1,9.9,100.0,97.3,87.3,78.0,99.9,37.1,9,93.4,69.7
Kinnaur ,Himachal Pradesh,912,75.6,52.2,*,51.7,52.4,32.2,11.3,4.3,18.9,9.0,9.9,99.6,96.9,80.1,70.4,99.5,35.9,8.6,89.1,56.1
Kupwara ,Jammu & Kashmir,904,78.8,75.6,45.7,73.5,81.0,24.9,25.1,14.7,25.5,8.8,5.1,99.3,88.0,67.7,62.0,98.5,10.4,1.5,76.0,44.9
Badgam ,Jammu & Kashmir,911,85.0,75.0,57,73.9,83.7,26.8,18.9,9.1,20.6,11.1,4.7,99.5,95.8,77.0,71.1,98.9,5.2,0,74.1,48.2
Punch ,Jammu & Kashmir,918,54.3,56.3,24.9,54.1,74.5,25.9,15.6,6.6,18.8,4.5,6.8,99.7,76.8,66.7,44.6,98.9,11.1,0,79.3,46.8
Rajouri ,Jammu & Kashmir,917,76.4,62.0,41.8,60.6,72.0,30.3,22.5,12.0,32.4,5.2,4.8,100.0,77.7,63.3,42.8,96.0,16.4,0,79.4,46.4
Kathua ,Jammu & Kashmir,903,67.0,55.2,28.4,53.6,71.8,21.8,22.5,13.1,25.9,18.6,5.3,99.7,96.1,75.4,68.5,98.0,7.0,0,87.7,64.9
Baramula ,Jammu & Kashmir,908,70.4,73.1,-56,72.5,75.3,23.2,18.2,8.8,17.3,8.0,10.6,98.7,93.3,77.7,76.5,99.1,6.5,3.2,67.9,35.9
Bandipore ,Jammu & Kashmir,904,75.1,74.3,-55.3,73.7,73.2,25.2,14.0,4.6,16.8,11.4,10.4,99.0,89.8,66.8,77.9,98.5,9.1,3.4,66.6,35.9
Srinagar ,Jammu & Kashmir,889,77.0,52.5,38.8,51.7,69.9,33.0,18.6,7.6,15.8,12.7,3.5,100.0,98.5,86.8,98.4,99.0,17.9,0,78.4,60.5
Ganderbal ,Jammu & Kashmir,900,89.8,77.9,-63,77.2,83.7,18.5,25.9,13.3,20.1,11.8,7.7,99.5,97.2,78.4,84.4,97.7,8.3,1.2,64.0,34.3
Pulwama ,Jammu & Kashmir,906,67.4,74.7,-37.7,73.2,82.0,22.4,15.3,6.4,20.2,12.1,2.9,99.1,98.0,91.6,76.6,98.6,9.9,1.5,76.6,49.4
Shupiyan ,Jammu & Kashmir,912,57.1,65.5,33.5,63.9,77.5,22.0,32.8,17.4,33.5,2.9,2.0,99.9,99.2,86.5,66.1,98.5,8.4,0,80.8,55.2
Anantnag ,Jammu & Kashmir,906,79.2,75.7,54.1,74.3,88.0,28.2,24.9,14.0,28.3,5.0,4.1,98.7,99.3,84.7,76.5,98.3,7.3,0,74.7,52.8
Kulgam ,Jammu & Kashmir,912,77.7,77.5,-63.2,77.0,80.7,28.4,11.3,4.8,15.3,20.6,2.1,99.8,96.4,80.5,40.3,97.8,4.2,0,70.9,42.4
Doda ,Jammu & Kashmir,877,80.7,67.9,47.7,66.5,74.1,32.7,9.5,6.0,15.2,15.1,5.0,99.6,92.6,70.9,42.4,97.7,7.6,2.2,69.2,46.8
Ramban ,Jammu & Kashmir,911,62.0,61.7,36,59.7,76.4,25.7,15.6,6.6,21.2,3.5,7.6,97.4,73.4,48.9,35.8,98.6,9.2,0,62.2,35.5
Kishtwar ,Jammu & Kashmir,895,88.5,86.2,65.3,84.8,92.2,27.5,22.8,15.3,17.7,21.1,5.1,88.8,86.8,59.6,50.6,94.7,16.4,1.4,71.3,48.0
Udhampur ,Jammu & Kashmir,908,70.4,57.3,44.5,56.5,68.6,37.3,19.8,9.6,31.9,5.8,4.0,99.9,76.4,69.8,55.1,96.1,16.8,0,77.3,43.7
Reasi ,Jammu & Kashmir,915,69.7,65.1,40.3,62.9,74.6,17.7,13.0,5.3,11.7,16.3,4.3,99.9,76.5,62.7,35.2,92.3,11.2,0,68.2,41.9
Jammu ,Jammu & Kashmir,889,68.4,68.2,41.7,66.6,72.4,27.0,18.0,10.4,17.6,7.3,4.2,100.0,99.9,81.2,87.9,98.9,23.3,6.6,91.5,70.8
Samba ,Jammu & Kashmir,901,69.0,63.6,41.1,62.4,73.2,24.5,20.4,9.8,15.5,12.1,3.6,99.8,95.4,78.8,73.0,98.7,19.0,2,84.8,60.6
Garhwa ,Jharkhand,913,62.5,62.9,-58.9,62.7,61.0,47.7,18.9,5.3,40.6,0.5,28.8,85.0,92.5,54.1,24.7,97.5,55.3,9.7,62.7,31.0
Chatra ,Jharkhand,933,62.6,55.9,56.5,56.0,55.7,42.2,17.2,3.9,39.8,1.3,32.2,92.1,83.3,48.1,20.4,97.8,46.5,4.4,61.8,27.7
Kodarma ,Jharkhand,918,60.0,65.1,-59.7,64.9,61.2,34.6,18.0,5.0,31.7,2.5,29.9,97.1,83.9,54.0,35.8,99.2,56.8,12.8,66.9,31.8
Giridih ,Jharkhand,958,62.8,65.2,56.7,64.7,63.8,31.9,27.8,14.5,34.3,5.4,27.3,96.5,87.6,59.2,32.4,96.8,52.4,14.8,57.3,25.0
Deoghar ,Jharkhand,953,73.9,70.1,72.4,70.2,67.2,41.7,17.7,6.2,36.9,1.9,32.5,95.6,90.8,41.6,23.5,98.3,53.8,6.4,54.2,19.7
Godda ,Jharkhand,913,75.1,66.3,-65.2,66.3,62.0,39.4,24.5,11.2,40.7,4.7,23.6,93.5,91.4,54.9,19.7,98.9,45.9,7.7,50.4,19.6
Sahibganj ,Jharkhand,912,72.6,72.1,63.6,71.5,67.6,49.1,19.7,5.8,44.8,2.6,28.5,91.6,88.2,43.2,17.4,98.2,34.8,4.5,54.9,18.6
Pakur ,Jharkhand,905,72.1,80.4,67.5,79.7,78.0,51.3,23.6,5.9,51.4,1.9,34.4,91.7,88.6,38.3,16.9,97.0,52.5,2.1,46.7,13.6
Dhanbad ,Jharkhand,945,66.5,64.6,-45.8,63.8,69.9,27.0,14.0,5.2,25.1,4.1,26.0,98.5,88.9,67.6,37.2,98.3,45.7,15.1,72.0,37.9
Bokaro ,Jharkhand,955,66.5,69.0,-63.6,68.8,68.2,36.2,19.7,9.5,32.3,3.0,26.6,97.3,86.4,64.4,47.0,95.7,44.7,9,72.6,45.0
Lohardaga ,Jharkhand,980,68.7,62.1,-50.1,61.7,59.4,40.7,26.6,10.0,43.4,1.8,24.1,99.2,78.4,67.7,34.0,99.4,58.9,5.8,67.5,35.0
Purbi Singhbhum ,Jharkhand,989,67.4,65.1,-32.8,64.4,69.4,35.9,29.4,16.8,41.6,1.3,15.5,95.7,89.7,70.2,57.6,99.4,50.7,13.9,77.4,46.8
Palamu ,Jharkhand,969,68.2,61.1,-59.6,61.0,63.3,43.7,18.4,3.9,37.3,0.6,26.7,95.8,94.9,46.3,25.4,96.6,55.8,9.1,65.4,36.5
Latehar ,Jharkhand,964,68.3,63.8,-58.4,63.6,62.2,40.1,19.2,5.2,39.4,1.8,31.1,89.0,79.2,51.4,14.2,96.8,52.2,1.8,58.7,26.5
Hazaribagh ,Jharkhand,914,62.1,56.2,54.4,56.1,54.1,37.8,16.2,5.9,32.5,1.4,25.3,98.2,85.5,55.6,36.8,95.0,55.0,9.4,69.7,40.1
Ramgarh ,Jharkhand,938,59.7,62.3,-61.7,62.3,66.7,35.3,23.5,7.2,35.3,1.0,27.3,98.4,76.7,64.2,33.2,97.8,49.7,4.1,72.7,44.3
Dumka ,Jharkhand,942,75.1,74.2,60.5,73.4,74.1,38.2,27.8,11.0,44.9,2.0,29.6,93.2,92.6,41.5,18.1,97.6,45.4,8.7,55.6,19.1
Jamtara ,Jharkhand,948,72.8,78.4,-57.3,77.7,77.4,41.9,23.0,9.9,46.2,4.3,30.6,92.2,93.0,52.8,20.3,98.3,62.9,11.5,57.4,21.4
Ranchi ,Jharkhand,979,62.8,59.3,-45.9,58.9,61.7,28.3,32.7,16.8,40.6,4.3,21.2,99.3,86.3,77.2,57.7,99.0,43.9,12.8,78.4,49.5
Khunti ,Jharkhand,987,66.9,70.9,-34,70.0,71.5,38.5,32.1,16.8,44.0,6.1,20.6,92.9,68.6,55.2,18.7,97.4,58.2,6.6,59.9,29.3
Gumla ,Jharkhand,986,65.8,59.9,-44.7,59.5,61.3,40.2,20.1,8.7,38.7,4.1,25.2,89.1,75.2,50.1,19.1,97.7,51.7,0,69.3,33.3
Simdega ,Jharkhand,988,75.4,71.0,-59,70.6,69.5,42.2,21.1,7.7,37.0,2.8,25.8,84.1,66.7,71.3,15.9,98.9,60.6,2.3,68.8,29.7
Pashchimi Singhbhum ,Jharkhand,990,73.3,72.5,-74.8,72.6,74.2,60.6,30.5,12.9,62.4,2.8,33.1,83.3,79.3,37.7,15.5,96.9,46.7,11.4,49.8,22.9
Saraikela-Kharsawan ,Jharkhand,984,76.1,71.2,-42.8,70.2,74.9,40.0,32.9,23.0,48.7,9.0,20.3,93.5,85.7,60.9,31.5,96.8,63.1,6.6,68.3,36.0
Belgaum ,Karnataka,907,72.7,53.4,-40,52.9,48.5,32.8,23.6,10.2,36.9,2.9,22.2,99.1,94.4,67.7,74.8,95.2,20.7,21.6,74.0,47.8
Bagalkot ,Karnataka,881,63.8,47.9,-49.5,48.0,50.7,48.3,16.9,4.4,42.3,2.4,17.1,98.9,99.2,51.3,56.6,81.3,22.3,7.1,69.7,37.7
Bijapur ,Karnataka,887,65.2,52.2,-71.5,52.9,52.6,45.9,15.0,4.3,39.0,2.7,18.1,97.6,92.5,44.8,60.6,92.3,21.2,24.9,66.6,37.1
Bidar ,Karnataka,914,69.3,55.7,60.4,55.9,51.7,36.8,22.1,11.1,36.1,2.5,24.9,98.8,98.9,56.5,65.2,97.7,21.4,7.1,73.8,45.0
Raichur ,Karnataka,891,73.6,59.9,69.1,60.4,64.8,39.8,23.2,11.7,40.7,1.6,23.3,99.7,94.0,53.0,64.9,73.3,17.8,15.5,54.3,31.7
Koppal ,Karnataka,872,70.7,54.8,-55.2,54.8,55.3,49.1,23.1,3.8,45.8,0.8,24.9,99.2,96.0,58.8,47.4,47.9,20.6,29.6,59.8,34.4
Gadag ,Karnataka,892,70.3,50.5,-51.1,50.5,54.1,45.2,18.2,4.5,39.8,1.5,18.9,98.6,95.5,55.2,56.3,77.1,28.3,16.3,70.7,45.1
Dharwad ,Karnataka,864,67.2,51.4,-68.4,52.1,50.5,45.2,16.5,4.6,40.4,2.8,17.3,99.4,87.9,79.3,79.1,92.3,24.5,7.7,81.8,51.4
Uttara Kannada ,Karnataka,897,69.0,45.0,-33.1,44.6,44.6,29.6,21.9,13.1,33.3,3.3,18.4,99.1,84.8,89.6,73.4,94.3,32.0,8.1,84.3,49.2
Haveri ,Karnataka,875,66.9,50.4,-59.4,50.8,51.5,29.9,17.7,3.9,35.0,0.0,19.9,99.1,99.1,68.9,60.7,87.9,28.8,13.8,71.5,40.0
Bellary ,Karnataka,883,67.5,58.7,-40.2,58.1,58.5,36.1,22.9,13.6,36.5,1.3,22.2,98.9,94.7,64.1,76.2,84.7,25.7,28,64.4,39.9
Chitradurga ,Karnataka,909,61.1,44.2,-57.1,44.6,50.2,36.0,17.9,8.3,32.4,3.1,14.5,99.8,97.8,63.1,80.6,96.4,35.3,27.2,75.6,48.3
Davanagere ,Karnataka,840,70.2,51.9,*,51.7,51.5,38.4,18.8,3.9,32.8,2.5,15.9,98.8,97.5,83.3,79.1,94.9,25.2,18.1,76.0,47.1
Shimoga ,Karnataka,902,68.9,42.1,-33.4,41.9,44.7,29.0,23.2,13.5,34.4,6.0,15.0,99.5,94.6,85.4,85.7,91.0,26.5,22.9,79.8,49.1
Udupi ,Karnataka,894,58.3,47.2,-48.4,47.3,49.9,23.1,17.6,6.0,21.0,3.2,23.8,99.6,81.5,94.5,67.8,95.6,50.9,3.2,90.3,55.4
Chikmagalur ,Karnataka,885,53.2,41.0,*,40.8,45.6,27.3,24.9,11.5,25.4,6.6,14.2,99.3,95.7,92.3,79.0,96.8,30.0,10.4,82.9,48.3
Tumkur ,Karnataka,906,67.6,48.9,*,49.3,47.9,40.3,10.9,3.1,26.7,6.1,15.2,99.6,96.2,86.1,85.3,94.7,31.0,2,81.9,58.9
Bangalore ,Karnataka,837,58.9,36.0,-23.7,35.5,45.1,31.3,19.2,11.4,28.1,4.3,10.0,98.8,99.2,90.4,97.2,99.4,28.8,23.4,87.3,70.1
Mandya ,Karnataka,873,58.2,47.1,*,47.0,42.9,24.3,11.8,5.3,16.7,1.3,13.7,98.4,98.4,86.7,90.5,97.7,39.9,15.5,78.3,52.5
Hassan ,Karnataka,905,63.6,42.0,-47,42.2,34.2,27.1,15.2,5.2,23.8,5.1,11.1,99.3,96.8,87.9,86.1,98.5,36.9,8.9,82.0,51.3
Dakshina Kannada ,Karnataka,867,51.1,38.9,-35.8,38.8,35.0,25.1,30.5,15.7,26.4,6.9,12.6,99.8,88.6,97.1,82.0,96.9,36.3,11,92.7,62.8
Kodagu ,Karnataka,898,54.4,39.6,-50.1,39.9,35.8,30.4,21.7,9.3,22.6,7.3,12.0,98.7,89.2,93.9,78.3,98.5,45.6,13,88.5,58.9
Mysore ,Karnataka,857,57.2,48.7,-24.2,48.0,41.7,27.5,15.6,7.2,28.2,1.3,14.7,99.5,95.4,86.4,94.7,98.0,26.2,14.1,78.9,49.6
Chamarajanagar ,Karnataka,890,68.7,46.4,*,46.3,52.9,32.2,18.0,6.8,28.7,1.6,17.9,98.7,99.9,75.2,89.0,98.0,34.4,21.8,72.4,41.7
Gulbarga ,Karnataka,909,75.1,56.0,-58,56.0,61.4,34.5,25.0,12.2,36.2,4.1,20.8,99.4,92.5,36.5,58.5,92.2,17.4,19.5,68.2,42.0
Yadgir ,Karnataka,904,76.0,57.1,61.1,57.3,61.8,57.6,17.7,7.2,45.2,2.3,26.0,99.0,95.2,37.4,48.8,76.3,16.7,6.2,48.1,26.4
Kolar ,Karnataka,883,57.9,43.8,-37.9,43.6,46.9,31.1,15.5,5.8,15.7,5.3,17.8,99.5,98.5,89.2,89.9,94.7,33.9,17,78.3,55.0
Chikkaballapura ,Karnataka,883,59.0,45.8,-37.9,45.5,46.9,31.3,16.1,6.1,25.2,2.2,22.6,99.9,98.1,84.9,89.4,95.0,26.1,14.6,76.3,48.0
Bangalore Rural ,Karnataka,891,60.8,44.6,-33.6,44.2,43.9,36.6,16.2,9.4,23.8,6.0,14.1,99.2,97.9,88.8,93.6,95.6,34.9,16.4,83.8,56.3
Ramanagara ,Karnataka,878,60.2,45.3,*,45.5,47.2,15.6,20.0,7.7,19.8,4.0,13.2,99.6,98.3,89.6,92.0,95.7,35.7,41.1,82.7,54.5
Kasaragod ,Kerala,922,34.3,35.6,-27.3,35.4,39.6,25.3,12.6,5.7,21.4,1.6,9.4,99.5,93.2,98.9,73.5,99.6,44.0,9.6,95.9,68.3
Kannur ,Kerala,919,37.2,39.7,-39.7,39.7,30.4,19.4,14.0,6.9,17.9,3.0,8.7,99.7,93.9,99.5,70.4,99.2,47.9,32.3,99.1,74.1
Wayanad ,Kerala,919,39.4,27.0,*,26.9,27.7,31.3,16.1,5.3,22.5,6.5,14.0,97.0,94.1,97.6,55.7,99.0,64.8,33.6,93.7,68.0
Kozhikode ,Kerala,888,32.1,30.2,-23.2,29.8,32.6,21.3,14.1,3.4,18.9,4.4,8.4,99.6,93.3,99.6,73.8,99.8,61.1,36.5,99.1,84.3
Malappuram ,Kerala,905,47.2,34.5,-41.1,34.7,38.1,29.4,18.2,6.5,21.4,3.3,10.3,99.7,97.7,99.9,59.0,99.4,42.8,24.7,99.2,69.5
Palakkad ,Kerala,912,51.9,50.0,-40.5,49.6,43.3,29.7,21.7,9.0,27.7,1.1,12.9,98.9,94.7,99.0,67.5,99.7,53.8,32.8,94.4,63.2
Thrissur ,Kerala,852,48.7,44.9,*,44.4,36.5,22.0,9.6,3.8,17.3,6.1,10.9,100.0,93.7,99.5,76.3,99.7,48.7,30.9,99.4,79.2
Ernakulam ,Kerala,857,36.4,32.1,*,31.7,30.1,22.0,17.1,7.4,19.4,5.4,8.0,100.0,98.2,99.3,88.4,99.3,46.2,37.7,99.3,83.8
Idukki ,Kerala,857,32.0,32.4,*,32.0,33.8,24.3,14.5,6.8,23.6,2.3,9.0,99.0,82.3,97.5,54.3,99.6,58.1,18.3,94.4,73.2
Kottayam ,Kerala,867,36.8,38.6,*,38.7,38.1,23.4,8.4,2.3,17.3,3.2,12.3,99.6,97.1,98.6,72.5,97.4,53.2,33.7,99.7,85.8
Alappuzha ,Kerala,886,30.3,32.0,*,31.9,22.9,20.1,14.4,2.1,20.4,4.5,14.3,99.9,98.4,99.2,79.2,99.9,60.4,46.8,99.7,78.8
Pathanamthitta ,Kerala,854,44.2,36.9,*,36.4,20.9,22.7,11.4,3.9,11.2,5.0,12.3,99.6,94.1,98.9,60.1,99.6,50.1,31.5,99.7,84.5
Kollam ,Kerala,859,32.5,36.7,*,36.0,24.5,15.5,21.4,6.9,17.0,9.4,9.5,99.8,95.7,97.5,80.1,99.0,56.0,11.8,98.2,80.6
Thiruvananthapuram ,Kerala,833,33.0,32.5,*,33.0,20.9,19.5,17.4,6.3,15.2,2.8,6.6,99.9,92.9,95.4,72.2,99.3,48.7,28.5,98.5,83.1
Leh(Ladakh) ,Ladakh,909,95.5,94.6,79,93.5,96.8,24.3,17.2,7.6,19.0,12.7,5.3,99.8,87.1,42.4,93.5,99.1,16.2,1.6,76.4,49.8
Kargil ,Ladakh,909,87.9,92.8,76.7,92.0,97.1,36.5,17.7,10.5,21.8,14.0,3.5,99.1,90.2,42.3,58.1,98.6,13.6,0,77.2,50.3
Lakshadweep , Lakshadweep ,921,43.1,26.0,-20.9,25.8,31.4,32.0,17.4,8.7,25.8,10.5,8.0,99.8,92.9,99.8,59.4,96.7,60.1,32,96.5,67.8
Sheopur ,Madhya Pradesh,883,71.6,65.3,59.6,64.9,61.8,45.8,16.2,7.9,37.7,1.2,30.5,98.0,91.1,48.0,22.9,94.9,27.1,1,54.8,15.9
Morena ,Madhya Pradesh,932,74.7,68.4,52.6,67.5,66.0,40.0,10.1,2.7,29.6,2.4,22.3,99.5,97.1,62.7,32.6,94.0,36.3,6.5,70.7,25.6
Bhind ,Madhya Pradesh,900,75.6,70.3,-56.2,69.9,69.9,32.2,12.4,4.9,29.0,1.2,24.3,98.2,95.5,79.9,31.0,94.8,31.0,6.9,73.8,28.9
Gwalior ,Madhya Pradesh,866,78.4,62.5,-63.6,62.5,66.6,40.1,12.4,2.4,33.0,0.7,20.4,99.5,98.6,83.2,69.8,94.9,40.6,0,78.1,37.9
Datia ,Madhya Pradesh,906,72.8,58.6,-59.7,58.6,59.5,36.8,16.4,6.8,29.4,2.8,23.0,99.8,95.8,66.8,31.2,91.5,30.9,4.4,71.2,27.8
Shivpuri ,Madhya Pradesh,810,70.5,50.7,-58.4,51.1,54.6,39.2,18.4,5.7,36.1,0.0,26.7,97.2,86.8,55.5,32.7,96.2,38.9,2.9,62.5,21.2
Tikamgarh ,Madhya Pradesh,630,67.5,49.9,-36.7,49.1,56.4,27.5,19.7,7.3,34.9,0.0,21.3,99.7,80.0,56.6,32.1,96.9,40.5,4.1,70.6,25.8
Chhatarpur ,Madhya Pradesh,935,87.2,63.4,-68.3,63.5,67.1,45.1,17.5,5.8,34.6,1.4,25.2,96.8,86.5,55.5,30.1,86.6,17.1,19,63.7,24.7
Panna ,Madhya Pradesh,946,74.5,58.8,-63.4,59.0,63.1,45.1,23.2,7.9,39.2,2.4,26.8,95.8,85.5,43.8,22.1,83.4,12.6,18.1,62.9,24.0
Sagar ,Madhya Pradesh,925,83.3,49.5,-55,49.8,49.7,42.7,15.2,4.7,35.8,2.3,22.8,98.6,86.7,68.8,32.7,92.2,27.5,10.8,74.3,32.9
Damoh ,Madhya Pradesh,942,76.3,47.9,-50.9,48.1,57.0,40.3,16.2,6.0,32.3,2.4,23.7,97.3,81.0,40.6,28.1,87.0,21.6,17.2,68.3,24.8
Satna ,Madhya Pradesh,666,81.8,57.5,*,57.3,65.1,49.4,16.8,6.2,31.2,2.3,21.3,97.8,92.7,55.4,35.2,93.3,22.0,9.2,73.0,31.5
Rewa ,Madhya Pradesh,859,78.0,61.7,-60.5,61.7,65.3,37.0,18.7,8.3,31.5,2.9,16.5,96.5,82.1,46.1,21.4,92.1,29.4,12.3,67.7,23.1
Umaria ,Madhya Pradesh,979,71.5,51.6,-48.6,51.5,55.3,45.3,15.5,4.0,36.6,2.7,21.1,98.2,79.5,53.7,26.9,92.2,19.9,10.8,67.7,26.4
Neemuch ,Madhya Pradesh,962,77.2,50.6,-42,50.3,57.7,33.0,13.1,5.4,27.7,2.5,18.8,99.6,91.7,68.9,52.4,99.6,43.3,3,68.5,27.9
Mandsaur ,Madhya Pradesh,932,65.4,57.0,-45.8,56.7,56.4,30.9,13.1,4.1,22.9,1.2,29.4,99.9,77.6,65.4,45.6,99.3,48.4,4.1,67.2,24.1
Ratlam ,Madhya Pradesh,915,74.0,59.4,-61.7,59.5,60.5,29.0,16.2,4.2,28.6,1.2,23.4,99.0,91.0,69.4,53.1,98.8,37.9,10.9,63.4,23.8
Ujjain ,Madhya Pradesh,902,81.6,54.8,-47,54.5,62.9,34.7,29.8,12.6,36.2,2.8,21.1,99.3,94.7,72.8,60.7,98.7,35.7,16.9,66.3,29.0
Dewas ,Madhya Pradesh,953,79.4,51.8,-37.3,51.3,59.0,36.8,20.4,7.6,30.7,4.5,22.5,99.6,93.6,69.6,51.0,99.1,35.1,21.4,67.3,27.7
Dhar ,Madhya Pradesh,592,65.0,49.5,-68.6,50.2,63.9,28.8,29.5,11.1,35.9,5.2,17.1,97.6,89.2,61.9,44.8,97.4,30.3,13.5,58.6,23.8
Indore ,Madhya Pradesh,868,78.8,47.9,-52.8,48.1,55.9,28.7,21.2,6.3,24.9,2.2,15.6,100.0,98.9,90.0,86.9,98.3,40.3,15.6,81.7,47.7
Khargone (West Nimar) ,Madhya Pradesh,974,71.5,50.5,-38.6,50.1,56.1,31.4,27.4,11.9,44.0,4.9,16.7,98.8,97.0,73.8,61.6,97.2,43.7,0,61.7,27.2
Barwani ,Madhya Pradesh,981,78.2,58.5,-53.8,58.4,67.0,45.8,18.9,6.0,41.0,3.6,27.1,99.3,90.4,61.0,40.5,90.3,29.2,4.3,52.5,19.3
Rajgarh ,Madhya Pradesh,898,77.5,52.6,-46.4,52.3,51.9,27.6,22.4,9.0,26.8,4.1,28.0,97.8,74.2,47.8,24.8,95.5,27.1,17.1,56.5,21.3
Vidisha ,Madhya Pradesh,910,52.3,37.9,-50.9,38.5,27.1,36.5,16.6,3.4,34.4,0.3,23.1,98.7,95.7,65.2,31.8,99.0,48.2,9.8,68.9,21.7
Bhopal ,Madhya Pradesh,376,68.5,53.9,*,53.5,-54.6,19.9,20.6,4.3,29.1,1.8,18.2,99.6,96.7,79.6,83.6,99.5,50.7,24.4,81.3,47.4
Sehore ,Madhya Pradesh,933,82.4,44.8,-58.8,45.3,50.5,21.9,20.3,9.6,27.6,3.0,27.1,99.2,92.2,75.2,33.7,97.6,33.2,16.5,69.7,28.2
Raisen ,Madhya Pradesh,463,61.1,56.9,*,56.9,69.4,30.4,21.1,4.8,25.4,0.0,20.5,99.3,92.4,69.6,38.9,98.5,41.0,26.3,78.6,34.6
Betul ,Madhya Pradesh,911,57.8,55.8,-65.8,56.2,56.6,30.8,21.7,4.5,31.4,0.0,24.7,98.1,87.1,59.8,36.0,98.2,51.3,10.1,76.1,38.7
Harda ,Madhya Pradesh,980,85.6,63.3,-45.6,62.6,69.4,38.8,28.0,18.8,34.7,5.3,15.9,98.8,92.3,68.8,57.6,99.6,33.3,15.3,73.9,30.8
Hoshangabad ,Madhya Pradesh,942,78.8,52.4,-35.3,51.9,52.1,34.8,19.5,8.2,27.2,2.8,21.9,97.2,93.5,68.5,47.3,96.3,28.6,23.5,73.6,35.5
Katni ,Madhya Pradesh,739,78.7,59.2,-44.5,58.7,61.0,49.5,21.8,10.6,44.0,1.7,18.1,97.9,94.0,53.5,29.5,85.3,18.1,6.3,72.0,32.5
Narsimhapur ,Madhya Pradesh,958,73.4,46.6,-53,46.9,48.5,32.0,19.6,5.1,28.1,1.0,25.1,99.0,99.8,77.0,36.7,98.4,49.4,9.5,73.6,31.4
Dindori ,Madhya Pradesh,951,78.1,65.0,-69.8,65.2,64.2,38.9,15.8,4.6,33.6,1.9,29.3,97.4,66.1,47.9,12.1,88.4,47.2,16.3,66.8,25.8
Mandla ,Madhya Pradesh,971,70.2,60.5,-64.3,60.6,64.2,32.1,15.9,3.9,33.0,2.0,26.8,96.8,79.7,58.4,22.3,94.3,42.6,21.2,69.1,30.5
Chhindwara ,Madhya Pradesh,926,50.5,41.8,-36.8,41.7,45.3,23.9,18.1,4.5,32.8,0.3,28.5,98.9,89.1,77.1,43.6,98.5,48.5,12.9,75.0,40.2
Seoni ,Madhya Pradesh,909,71.8,60.0,-57.8,59.9,58.9,23.5,21.1,5.0,31.1,0.0,26.6,99.2,79.1,56.2,29.0,96.7,44.6,15.7,73.7,33.0
Balaghat ,Madhya Pradesh,830,56.8,61.0,*,60.6,56.7,41.9,20.5,5.4,44.9,1.0,30.2,98.7,83.3,79.6,31.1,98.0,68.4,5.7,79.8,39.2
Guna ,Madhya Pradesh,955,75.1,49.6,-55,49.8,49.2,31.9,10.1,4.3,25.1,1.6,18.4,98.3,81.4,55.6,34.5,95.9,43.1,6.5,56.8,17.7
Ashoknagar ,Madhya Pradesh,827,59.7,46.3,-42.5,46.1,45.0,32.6,19.7,4.5,31.1,0.5,26.1,98.6,90.1,53.7,20.3,96.0,34.2,6.2,61.3,17.6
Shahdol ,Madhya Pradesh,868,57.3,56.4,-56.8,56.4,53.3,44.0,20.4,5.5,39.2,2.1,28.3,97.5,79.2,61.4,26.5,89.4,58.4,3.4,72.1,30.7
Anuppur ,Madhya Pradesh,948,49.2,52.5,-53.8,52.6,43.6,24.0,18.4,5.3,30.7,0.9,26.5,97.0,79.8,69.4,21.7,92.9,52.8,2.8,75.0,28.6
Sidhi ,Madhya Pradesh,978,72.5,55.7,55.8,55.7,59.6,39.1,16.6,6.4,32.8,2.5,22.9,96.4,83.7,44.7,20.9,94.7,26.1,6.2,71.7,27.1
Singrauli ,Madhya Pradesh,706,56.6,54.4,*,54.1,60.1,37.3,25.2,6.6,36.0,0.9,25.6,92.7,77.9,52.6,31.7,93.0,58.5,0,65.4,29.9
Jhabua ,Madhya Pradesh,960,80.1,58.7,60.3,58.8,63.7,49.3,17.9,5.6,41.7,1.1,29.2,98.9,85.2,57.6,17.5,96.1,43.7,0.7,38.6,16.0
Alirajpur ,Madhya Pradesh,974,76.4,60.4,-61.7,60.5,76.5,34.6,15.4,5.4,31.6,2.3,19.6,98.5,89.6,84.7,17.4,97.1,42.5,0,42.1,17.3
Khandwa (East Nimar) ,Madhya Pradesh,531,86.8,66.9,*,64.8,68.9,38.4,20.7,7.5,35.3,3.2,21.7,99.3,88.7,76.7,48.3,98.7,38.1,11.3,67.7,27.9
Burhanpur ,Madhya Pradesh,955,77.9,58.0,-36.4,57.3,66.5,38.7,27.9,13.1,47.2,3.2,20.9,98.3,96.0,74.0,68.2,94.9,42.2,4.1,67.6,26.3
Shajapur ,Madhya Pradesh,970,76.1,45.9,-44.5,45.8,51.4,27.8,23.4,9.7,27.6,2.5,23.1,99.9,91.8,74.5,37.7,97.2,34.3,21.8,62.0,19.6
Nandurbar ,Maharastra,897,79.3,64.1,-68.2,64.2,69.2,45.8,30.7,13.5,57.2,3.7,36.1,96.2,94.6,54.1,40.3,97.6,15.3,20,57.7,29.9
Dhule ,Maharastra,838,72.2,60.8,-70.6,61.2,59.8,37.6,38.9,18.1,46.0,0.2,26.5,96.0,89.9,58.9,65.1,98.0,19.8,36.6,68.8,40.8
Jalgaon ,Maharastra,842,85.2,65.3,-63.8,65.2,69.4,36.3,30.5,8.0,36.9,1.5,22.2,96.8,94.3,59.7,79.5,96.8,11.9,30,76.5,40.8
Buldana ,Maharastra,931,79.4,58.5,*,57.8,66.8,45.0,31.7,14.8,47.2,4.8,21.6,97.1,89.7,68.9,69.2,97.8,37.9,22.3,79.9,41.8
Akola ,Maharastra,926,77.5,53.2,-39.2,52.6,60.3,31.8,29.4,14.7,30.8,8.6,16.1,97.6,95.1,69.5,75.5,95.2,40.1,16.2,87.5,52.7
Washim ,Maharastra,903,70.4,57.0,-33.8,56.4,53.9,35.3,31.7,15.2,39.3,6.9,20.1,97.2,73.7,61.5,61.4,96.5,24.1,23.2,78.0,42.0
Amravati ,Maharastra,913,74.4,53.6,-43.3,53.4,64.8,29.0,26.2,10.7,38.0,2.2,20.5,99.1,95.8,75.7,71.7,98.5,31.9,24.4,87.8,55.0
Wardha ,Maharastra,909,71.4,60.7,-36.5,60.0,63.5,27.7,28.1,12.5,31.3,4.0,17.1,98.8,98.5,80.2,83.9,97.9,27.1,33.9,93.0,56.5
Nagpur ,Maharastra,917,70.5,54.0,*,53.6,57.9,27.6,34.0,20.0,33.9,10.1,17.1,99.5,99.5,88.9,96.0,97.6,25.6,33.1,94.6,67.6
Bhandara ,Maharastra,918,72.8,65.4,-64.7,65.3,66.1,31.3,28.4,13.2,33.9,4.7,25.8,98.8,92.0,81.8,71.4,95.4,30.0,21.1,89.1,53.9
Gondiya ,Maharastra,915,78.0,60.9,-43.6,60.4,65.2,36.9,23.7,11.1,35.6,8.3,23.4,98.2,91.6,74.3,68.0,98.0,30.6,16.3,87.5,54.1
Gadchiroli ,Maharastra,921,76.6,67.1,-39.3,66.2,67.3,35.7,30.0,13.5,35.4,9.5,24.3,95.8,83.0,62.4,60.5,97.7,33.3,21.8,79.4,42.3
Chandrapur ,Maharastra,922,76.6,55.9,*,55.5,61.7,37.3,38.5,21.8,46.6,7.6,26.5,98.9,96.5,77.3,85.1,97.4,28.9,17.4,87.8,57.5
Yavatmal ,Maharastra,913,75.2,58.5,-53.7,58.4,64.1,36.6,27.5,15.1,39.4,6.7,23.2,97.2,89.5,66.4,71.8,94.6,29.0,25.6,80.8,38.9
Nanded ,Maharastra,908,76.1,57.5,-52.9,57.3,63.1,36.0,19.0,8.7,35.2,3.5,22.9,96.4,94.8,68.0,64.5,96.9,15.7,24.2,71.9,31.6
Hingoli ,Maharastra,907,72.5,51.2,-53.3,51.3,60.5,37.4,25.8,10.5,38.9,1.0,24.9,98.1,92.4,69.0,53.1,99.0,14.7,18.4,76.5,33.2
Parbhani ,Maharastra,860,75.4,59.4,-48,58.8,60.2,37.6,22.8,7.6,41.8,3.0,20.4,96.8,89.0,60.1,54.8,95.1,10.5,22.5,73.4,28.8
Jalna ,Maharastra,863,68.3,58.7,-47.3,58.2,54.6,38.0,22.2,8.2,39.0,1.3,23.3,95.7,82.8,63.6,56.4,97.6,9.7,33.8,71.8,34.3
Aurangabad ,Maharastra,875,64.5,52.6,-48.2,52.4,47.4,34.2,26.4,11.8,42.9,2.8,20.3,97.0,91.7,69.1,78.4,98.9,12.4,31.6,83.1,48.4
Nashik ,Maharastra,860,67.3,55.4,-73.4,56.2,56.2,42.2,27.2,11.4,44.8,2.2,25.6,95.3,86.3,68.3,72.5,91.6,14.7,16.7,80.0,42.6
Mumbai Suburban ,Maharastra,635,65.6,49.7,*,50.0,-67.2,37.2,18.6,7.2,24.6,10.5,12.2,99.2,99.8,62.6,98.7,99.5,20.2,30.8,91.6,65.7
Mumbai ,Maharastra,826,72.8,46.9,-19.9,45.9,54.7,26.6,25.3,9.1,29.6,6.1,12.0,99.6,100.0,58.6,98.3,98.3,30.7,38.3,94.3,71.1
Raigarh ,Maharastra,905,67.0,53.8,-65.7,54.2,61.1,35.8,19.1,8.3,34.1,2.1,21.8,97.9,87.8,74.8,83.3,80.3,26.3,16.7,79.2,45.0
Pune ,Maharastra,786,58.7,53.2,*,51.9,58.6,30.7,31.4,14.0,32.7,1.3,19.6,99.4,96.9,79.6,89.5,97.0,14.4,45.8,89.0,61.2
Ahmadnagar ,Maharastra,883,64.5,50.5,-44,50.3,45.0,31.7,24.9,8.6,41.2,1.8,21.5,94.5,90.0,79.5,77.4,95.5,12.0,21.6,86.2,45.7
Bid ,Maharastra,877,61.0,51.0,*,50.8,48.0,40.8,28.4,11.9,36.8,3.5,20.8,94.8,85.4,66.4,54.4,96.3,9.3,14.8,76.3,38.6
Latur ,Maharastra,906,59.5,50.7,-51,50.7,56.5,43.2,18.0,8.0,33.9,5.3,24.2,97.2,94.6,72.5,78.5,97.8,33.6,33.5,83.3,40.7
Osmanabad ,Maharastra,919,67.4,49.3,-44.4,49.1,50.9,37.2,16.1,5.5,32.5,1.8,19.1,96.8,96.4,71.2,69.7,97.5,14.8,32.7,83.7,41.5
Solapur ,Maharastra,912,70.9,55.5,-34.1,54.5,60.2,36.3,23.2,10.0,32.9,4.3,21.2,97.1,90.4,67.8,73.1,96.5,20.5,26.2,76.4,36.0
Satara ,Maharastra,896,68.9,50.2,-28.8,49.6,48.7,20.2,20.5,5.2,28.0,2.3,22.9,97.9,95.6,78.7,82.1,93.9,11.4,27.2,87.2,48.3
Ratnagiri ,Maharastra,869,69.4,43.4,*,43.4,33.7,31.7,23.7,12.6,29.5,3.8,25.8,99.2,90.9,85.6,58.1,91.1,16.6,26.6,87.2,41.2
Sindhudurg ,Maharastra,861,55.6,41.3,*,41.2,36.0,30.8,27.7,14.9,32.0,5.9,21.5,99.4,73.2,87.9,66.0,94.9,13.2,16.7,92.1,49.4
Kolhapur ,Maharastra,887,66.4,50.1,-48.9,50.1,42.8,33.6,18.9,5.9,34.7,4.3,19.2,98.8,97.3,82.0,84.7,97.7,16.5,20.9,90.7,53.8
Sangli ,Maharastra,898,62.7,47.6,-42.3,47.5,42.5,35.0,18.6,7.8,27.2,6.7,15.0,98.2,96.8,84.7,87.3,98.8,12.3,39.9,90.3,54.6
Palghar ,Maharastra,890,70.3,57.2,-48.5,56.9,52.1,33.0,23.9,10.5,37.1,9.3,27.9,97.7,91.1,75.1,75.0,86.5,18.8,33.8,77.6,48.3
Thane ,Maharastra,755,67.9,58.8,*,58.8,58.5,40.8,17.8,7.0,30.8,5.0,18.9,99.3,96.7,74.7,90.4,97.5,22.7,15.6,90.5,55.9
Senapati ,Manipur,859,48.5,27.9,-18.3,27.4,23.8,27.3,10.7,5.5,12.9,6.7,5.3,98.8,64.4,84.4,50.0,98.8,15.4,26.3,81.9,39.6
Tamenglong ,Manipur,882,37.0,26.9,31.4,27.3,29.1,27.1,9.6,3.2,19.3,1.6,4.6,93.6,51.6,77.9,30.5,99.5,16.8,25.4,76.8,33.1
Churachandpur ,Manipur,847,41.1,31.0,-51.8,32.0,28.7,25.1,12.1,5.8,9.8,4.5,7.1,94.0,62.5,81.2,62.3,99.1,18.2,22.7,84.2,36.6
Bishnupur ,Manipur,907,42.4,35.6,-39,35.8,33.3,15.5,7.9,2.1,11.7,3.1,7.7,98.6,77.7,52.6,71.3,99.4,9.3,28.6,88.4,48.7
Thoubal ,Manipur,893,39.7,23.8,32,24.2,19.2,31.5,8.3,2.9,14.9,4.9,7.3,98.6,72.5,61.3,74.7,99.8,19.1,37.4,85.4,40.7
Imphal West ,Manipur,885,41.8,26.4,-39.5,26.8,25.0,15.6,9.3,3.1,10.2,2.6,6.3,99.4,89.1,58.7,88.6,99.0,15.7,23.4,92.5,61.9
Imphal East ,Manipur,896,50.3,36.3,27.4,35.9,36.0,18.4,11.7,2.4,14.4,0.5,8.7,98.6,90.2,59.5,79.0,99.1,7.0,15.2,90.0,49.9
Ukhrul ,Manipur,865,34.6,21.6,-25.7,21.9,20.6,27.1,11.6,5.3,16.0,2.0,9.7,95.0,50.9,81.4,22.9,99.4,17.0,17.5,86.9,49.7
Chandel ,Manipur,847,42.4,27.7,-20.3,27.3,37.8,34.0,8.3,3.2,14.7,8.7,3.7,99.9,68.6,85.2,52.0,99.4,16.1,17.6,80.2,43.3
South Garo Hills ,Meghalaya,921,33.6,57.7,33.7,56.2,65.0,29.8,18.3,8.8,20.8,2.7,6.6,98.6,60.4,88.4,22.3,83.6,79.5,20.1,88.6,38.4
Ribhoi ,Meghalaya,927,45.7,62.2,65,62.4,57.1,42.5,17.9,7.5,29.6,4.8,15.5,92.1,86.2,85.3,21.0,96.6,66.8,28.7,89.5,23.1
East Khasi Hills ,Meghalaya,918,39.0,48.5,43.7,48.2,40.0,44.6,11.2,4.9,23.8,4.5,11.6,96.6,90.0,80.9,47.4,93.3,47.1,41.3,93.7,43.5
East Garo Hills ,Meghalaya,919,28.0,52.1,29.1,50.9,55.7,39.7,20.1,6.2,26.5,4.1,8.5,97.4,67.0,83.9,29.1,69.0,71.9,3.2,86.7,40.5
East Jantia Hills ,Meghalaya,924,47.2,43.7,46.5,43.9,40.6,49.8,8.5,2.9,23.6,3.7,13.5,85.1,74.6,83.6,26.5,97.2,74.1,45.6,76.0,23.0
North Garo Hills ,Meghalaya,923,30.2,58.9,-40.8,58.4,65.2,35.6,11.7,5.6,15.8,7.3,7.7,97.5,51.5,84.9,24.4,84.1,60.8,12.7,86.1,38.4
South West Garo Hills ,Meghalaya,921,35.5,63.6,37.8,62.5,67.3,32.2,19.9,7.1,26.4,3.3,8.5,95.5,58.6,71.4,33.9,74.5,75.1,7.8,82.6,33.0
South West Khasi Hills ,Meghalaya,924,61.3,58.5,63.2,58.9,53.8,51.4,10.4,4.1,27.6,3.5,17.2,87.9,85.3,89.6,11.6,99.7,72.3,44.2,85.9,23.4
West Garo Hills ,Meghalaya,923,30.2,57.2,26.7,55.3,62.0,39.5,14.9,4.7,26.3,5.2,7.7,94.7,83.7,86.3,47.6,88.5,77.9,20.2,89.0,45.1
West Jaintia Hills ,Meghalaya,924,54.6,55.3,64.6,55.9,54.2,48.7,9.7,4.0,28.3,3.0,9.6,75.4,70.6,75.1,20.7,97.3,65.6,33.3,80.0,24.7
West Khasi Hills ,Meghalaya,924,56.2,52.1,49.6,51.8,40.4,59.0,8.0,2.7,31.1,3.1,14.6,85.0,80.5,87.8,8.6,97.3,60.1,34.8,87.4,16.4
Chandel ,Mizoram,847,42.4,27.7,-20.3,27.3,37.8,34.0,8.3,3.2,14.7,8.7,3.7,99.9,68.6,85.2,52.0,99.4,16.1,17.6,80.2,43.3
Mamit ,Mizoram,917,45.5,35.1,-29.9,34.9,42.4,26.4,7.4,3.8,13.9,5.9,4.1,97.9,97.3,92.7,73.3,99.4,61.7,1.3,89.6,40.0
Kolasib ,Mizoram,918,53.8,37.3,-43.8,37.7,30.1,30.4,11.3,5.3,12.6,7.6,5.9,99.1,95.3,96.8,87.5,99.7,61.1,1.4,96.9,41.7
Aizawl ,Mizoram,876,44.0,31.6,-33.4,31.7,31.5,25.3,7.3,2.4,9.6,12.3,3.8,99.7,98.3,96.1,95.4,99.2,37.5,8.7,98.9,60.7
Champhai ,Mizoram,902,38.3,26.1,-15.7,25.7,31.6,27.2,12.1,7.6,13.1,10.6,5.8,100.0,98.6,98.3,79.4,99.8,64.9,4.9,97.7,47.8
Serchhip ,Mizoram,915,43.2,31.7,-43.4,32.1,30.0,31.8,8.4,4.4,14.4,8.7,5.9,99.3,97.7,98.2,81.8,98.7,58.8,1.5,99.7,43.1
Lunglei ,Mizoram,915,45.7,35.1,-27.5,34.9,34.2,26.5,9.5,3.3,11.1,10.1,6.2,98.0,96.0,95.6,79.9,99.0,46.5,2,91.6,46.3
Lawngtlai ,Mizoram,923,55.3,48.6,-46.5,48.5,45.5,32.7,16.2,11.4,16.9,9.1,7.1,89.0,82.2,90.3,56.3,97.0,31.3,3.6,76.0,32.2
Mon ,Nagaland,899,39.4,30.4,-27,30.2,46.0,35.5,7.8,0.5,23.3,3.2,8.7,96.4,86.7,86.4,13.0,99.5,39.3,4.5,78.2,24.3
Mokokchung ,Nagaland,921,35.5,25.8,-11.5,25.0,21.1,31.4,11.7,3.5,22.9,5.9,11.3,97.7,97.4,96.7,46.2,98.7,22.3,7.3,94.0,55.8
Zunheboto ,Nagaland,924,34.9,30.6,-40.8,31.1,38.0,44.0,26.9,10.3,44.5,1.5,5.6,99.4,91.0,88.9,18.6,99.1,18.1,0,87.1,40.2
Wokha ,Nagaland,921,45.4,31.0,29.8,30.9,47.9,26.3,23.5,10.6,28.0,1.1,8.8,99.7,83.4,88.5,41.2,98.9,20.6,2.2,91.6,45.3
Dimapur ,Nagaland,912,48.9,34.8,-32.9,34.7,36.7,28.3,25.0,12.0,29.8,3.8,9.6,99.8,92.4,81.1,84.2,98.7,5.7,5.3,86.6,52.5
Phek ,Nagaland,919,44.9,31.0,18.2,30.0,41.6,28.0,12.9,6.3,15.6,6.8,14.8,99.4,98.1,90.1,24.2,98.3,24.9,9.2,85.8,39.4
Tuensang ,Nagaland,924,38.8,29.3,20,28.8,28.5,37.1,24.6,10.3,34.2,5.5,15.9,96.6,90.4,92.0,19.7,98.2,22.0,5.5,77.8,27.0
Longleng ,Nagaland,924,40.4,34.9,30.5,34.6,43.1,34.1,19.8,9.6,25.7,6.8,14.4,99.1,76.3,86.6,11.8,98.6,38.3,1.6,82.0,23.8
Kiphire ,Nagaland,922,55.2,31.9,-19.5,31.4,36.0,36.9,11.0,5.8,25.0,7.5,13.9,97.9,90.9,83.1,16.4,99.7,8.8,3.5,73.7,22.0
Kohima ,Nagaland,923,38.4,15.6,3.9,14.9,18.2,28.3,26.9,11.4,22.1,6.6,11.7,99.5,89.9,87.4,61.7,99.7,26.7,16.1,95.2,70.9
Peren ,Nagaland,923,51.0,29.9,26.4,29.7,29.5,34.9,9.1,1.7,20.7,4.1,6.6,98.2,92.5,89.4,31.4,99.5,5.4,4.3,77.6,35.5
Central ,NCT of Delhi,804,70.3,45.1,*,44.6,54.6,33.5,13.5,7.0,25.5,4.1,10.4,99.8,99.7,77.0,98.8,96.8,22.6,24.8,84.7,57.1
East ,NCT of Delhi,887,65.9,42.6,-37.2,42.5,44.6,35.2,15.7,4.3,29.9,6.1,11.9,99.5,98.4,78.0,99.1,98.1,30.7,9.5,84.3,57.2
New Delhi ,NCT of Delhi,852,72.9,56.1,*,56.0,52.0,27.4,6.8,2.9,20.7,3.7,12.8,100.0,99.1,69.4,98.3,98.1,25.2,22.9,83.9,57.9
North ,NCT of Delhi,800,67.5,47.1,-48.4,47.2,47.7,25.0,8.9,3.8,17.4,2.9,9.2,99.8,99.3,70.2,98.1,93.8,18.1,10.2,81.9,53.9
North East ,NCT of Delhi,869,62.5,46.1,-39.4,45.9,50.1,38.7,8.8,3.8,21.8,6.2,9.6,99.9,98.2,89.5,99.7,96.3,19.4,14.6,85.1,59.8
North West ,NCT of Delhi,868,73.6,51.7,-40.6,51.4,46.6,26.9,10.9,5.9,22.8,3.2,9.0,100.0,99.7,88.2,99.1,97.6,28.2,3.7,86.4,62.9
Shahdara ,NCT of Delhi,888,71.4,49.4,*,49.2,53.5,32.9,21.2,11.5,30.2,3.7,11.0,99.9,99.8,83.4,99.8,96.4,21.5,24.9,85.5,58.4
South ,NCT of Delhi,875,65.4,46.3,*,46.2,42.0,33.4,9.4,1.7,18.9,7.1,10.1,99.9,100.0,89.5,97.7,98.6,28.7,23.3,86.6,61.6
South East ,NCT of Delhi,897,72.7,48.3,-35.1,47.9,55.0,21.7,14.7,7.1,20.4,4.6,7.7,99.7,100.0,83.8,99.1,96.8,24.5,12.7,86.8,65.5
South West ,NCT of Delhi,891,70.1,56.7,-44.2,56.4,65.9,27.1,10.6,3.4,16.8,4.7,9.0,100.0,99.7,86.2,99.3,96.8,37.7,22.5,88.3,68.4
West ,NCT of Delhi,855,68.5,57.4,-49.2,57.2,54.7,36.1,8.4,3.5,19.0,2.1,10.5,100.0,99.8,76.8,99.0,96.3,21.0,16.1,83.2,56.3
Bargarh ,Odisha,896,56.2,62.8,-57.6,62.6,66.8,38.9,18.0,6.0,30.0,2.9,19.0,98.4,98.0,61.9,31.9,99.0,45.5,9.3,75.7,37.4
Jharsuguda ,Odisha,854,65.5,68.1,*,67.8,68.8,27.1,16.9,3.5,26.9,3.1,21.2,98.1,88.4,70.0,41.8,98.9,37.7,8.1,81.0,40.9
Sambalpur ,Odisha,890,64.5,67.1,*,66.7,67.1,40.7,25.5,7.6,36.3,3.7,19.7,98.8,93.0,62.4,42.6,97.8,49.3,4.3,76.6,36.5
Debagarh ,Odisha,857,61.5,72.1,*,72.2,73.5,28.4,27.3,12.1,34.3,3.2,23.3,95.3,86.2,69.9,18.4,98.8,57.5,9.8,69.5,31.3
Sundargarh ,Odisha,862,77.1,69.8,-68.4,69.8,79.8,32.9,21.1,7.4,34.7,1.2,21.1,97.1,91.5,65.5,40.2,99.4,39.3,6,74.1,35.6
Kendujhar ,Odisha,892,64.6,69.0,-74.7,69.2,68.2,36.2,23.8,6.2,37.1,0.9,25.9,91.1,92.9,47.6,27.9,98.4,43.3,6.6,67.0,29.5
Mayurbhanj ,Odisha,896,71.7,73.0,-56,72.2,63.6,36.7,28.5,10.4,45.9,3.0,30.2,90.3,80.1,54.4,16.1,98.9,46.5,10.1,61.5,25.1
Baleshwar ,Odisha,893,43.2,61.5,*,61.8,57.3,24.4,15.0,5.4,22.6,3.8,23.9,97.1,98.5,70.9,28.4,95.2,40.6,7.7,76.5,38.3
Bhadrak ,Odisha,853,68.7,63.8,-70.4,64.0,69.9,32.3,15.8,7.5,28.9,4.5,24.7,97.8,100.0,62.0,22.9,98.8,44.9,18.6,82.6,37.0
Kendrapara ,Odisha,833,61.5,58.9,-56,58.8,57.6,28.6,7.9,1.4,17.9,6.6,20.5,99.5,99.7,57.3,27.9,98.9,50.0,12.8,86.7,42.5
Jagatsinghapur ,Odisha,885,58.2,60.4,*,59.8,60.9,13.2,10.7,5.6,11.0,8.3,12.9,98.2,99.5,60.1,30.5,98.2,56.8,15.4,86.3,46.6
Cuttack ,Odisha,879,63.8,64.7,*,64.5,59.0,20.4,14.2,5.6,18.9,5.6,15.7,98.2,92.3,60.2,45.1,98.9,42.3,14.6,83.2,40.9
Jajapur ,Odisha,889,66.4,63.4,-62.4,63.4,74.1,25.5,15.9,6.4,21.8,2.2,24.4,97.0,92.0,47.4,28.4,98.7,53.9,8.5,78.4,38.0
Dhenkanal ,Odisha,845,62.0,66.1,-60,65.9,68.7,33.3,22.7,5.4,30.0,6.8,18.9,96.3,63.4,58.2,28.8,98.0,55.2,19.4,77.1,33.3
Anugul ,Odisha,913,75.3,75.8,-75.7,75.8,85.7,28.1,25.1,7.7,30.5,3.5,20.6,96.7,76.2,66.4,23.8,97.1,63.1,10.6,74.6,33.7
Nayagarh ,Odisha,881,55.2,62.6,-61.6,62.5,61.2,20.0,10.5,1.5,20.2,2.9,13.1,98.3,82.9,67.1,42.3,98.1,49.3,9.6,81.9,27.1
Khordha ,Odisha,827,56.1,67.9,-73.4,68.1,71.5,17.1,13.2,2.4,16.9,3.3,10.0,99.5,94.6,73.2,63.3,99.7,43.2,11.6,85.7,43.2
Puri ,Odisha,870,51.0,63.3,*,63.3,56.1,13.8,8.9,1.5,11.3,3.8,12.9,99.5,98.5,67.3,34.4,97.7,61.5,13.3,87.7,38.1
Ganjam ,Odisha,849,61.3,56.9,-52.9,56.7,58.4,23.9,10.2,1.5,18.9,4.9,11.2,99.3,89.6,72.9,63.7,98.9,51.9,11.5,71.9,32.6
Gajapati ,Odisha,855,64.4,65.6,-77.4,66.1,64.3,43.4,16.1,4.3,34.3,6.1,23.5,94.1,78.1,58.3,28.9,88.3,39.6,7.8,50.5,22.5
Kandhamal ,Odisha,915,55.3,48.8,-53.4,48.9,48.8,34.2,23.3,12.4,35.2,2.4,21.0,96.6,64.4,52.4,24.1,97.7,54.5,8.2,70.3,28.1
Baudh ,Odisha,916,56.2,54.6,-40.7,54.1,53.3,37.0,20.1,6.9,38.6,1.6,22.1,96.3,92.5,52.9,30.9,95.5,44.7,20,71.0,29.9
Subarnapur ,Odisha,911,73.1,58.8,*,58.8,59.9,29.6,26.0,11.7,34.5,3.1,20.5,98.7,94.2,66.7,41.6,98.5,45.8,7.7,79.2,37.8
Balangir ,Odisha,909,74.9,59.7,-48.1,59.4,64.2,32.7,25.5,12.7,37.6,2.1,21.5,97.8,92.9,66.3,32.6,98.2,44.0,9,69.8,31.4
Nuapada ,Odisha,881,73.5,64.3,-57.3,64.0,64.6,43.1,18.1,3.7,38.0,3.7,30.7,94.6,97.5,58.4,23.2,99.0,45.3,12.1,57.2,27.3
Kalahandi ,Odisha,919,68.8,64.0,-70.2,64.2,66.4,33.0,17.2,6.0,33.6,2.1,23.8,97.2,96.5,64.4,28.9,97.6,48.6,16.2,63.8,26.5
Rayagada ,Odisha,880,70.5,68.8,-77.3,69.1,73.7,43.6,16.1,3.6,39.8,0.6,26.7,96.6,91.3,50.5,30.2,96.5,45.5,8.9,45.1,19.1
Nabarangapur ,Odisha,916,70.8,69.7,-60.7,69.3,70.8,44.1,25.2,9.7,46.6,5.0,30.9,97.4,99.1,44.1,19.0,96.7,48.4,6.5,41.0,15.5
Koraput ,Odisha,885,69.7,58.2,-59.3,58.2,60.4,43.1,15.9,6.8,33.5,3.7,27.2,96.2,89.5,39.4,31.5,96.4,54.6,6.8,41.7,17.6
Malkangiri ,Odisha,916,78.7,71.8,74.3,71.9,67.4,44.3,19.3,5.5,41.6,1.0,38.6,95.8,94.7,41.4,20.9,96.5,47.0,15.6,41.3,14.0
Yanam ,Puducherry,919,39.7,43.5,*,43.1,44.8,25.0,12.4,4.3,18.7,6.9,8.5,99.8,100.0,84.1,98.6,83.3,29.2,20.1,83.3,51.6
Puducherry ,Puducherry,845,66.3,57.5,*,56.8,60.5,17.0,11.6,3.7,13.1,3.4,8.1,100.0,100.0,84.6,95.0,93.8,31.3,20.9,91.7,67.2
Mahe ,Puducherry,893,36.9,38.8,-25.6,38.4,43.5,48.2,7.3,1.2,32.6,2.6,6.2,99.7,98.0,99.8,90.9,99.8,23.6,14.4,99.7,88.2
Karaikal ,Puducherry,863,65.5,53.7,-66.3,54.4,56.1,25.5,15.3,3.8,19.7,4.3,12.7,99.6,99.9,84.3,81.2,93.0,26.9,33.1,89.6,59.0
Kapurthala ,Punjab,853,68.7,54.7,*,54.5,63.3,24.6,12.8,9.1,19.2,4.9,11.5,99.8,99.4,87.7,84.2,93.9,20.7,2.4,85.3,60.3
Jalandhar ,Punjab,867,69.2,57.3,*,57.0,56.0,24.8,10.3,4.4,16.7,1.8,11.9,99.6,99.9,88.2,82.3,94.7,25.9,6.5,88.1,64.4
Hoshiarpur ,Punjab,883,69.6,54.2,*,54.1,50.4,19.3,11.5,2.5,12.4,3.8,10.8,99.9,99.9,89.7,77.3,97.4,27.7,18.3,92.8,73.2
Shahid Bhagat Singh Nagar ,Punjab,889,63.9,49.9,*,49.8,58.8,17.9,12.0,5.9,11.2,6.6,9.8,100.0,99.7,91.3,76.4,97.7,23.3,10.8,89.9,65.4
Fatehgarh Sahib ,Punjab,841,61.5,64.7,*,65.1,59.7,30.0,7.1,2.3,18.2,4.6,9.8,99.6,99.7,87.6,74.3,93.8,35.1,7.6,87.2,62.3
Ludhiana ,Punjab,799,77.9,65.0,*,64.3,66.0,22.1,5.9,1.0,12.4,6.4,10.1,99.7,99.9,84.6,83.2,94.9,25.2,2.2,85.3,61.6
Moga ,Punjab,869,70.3,54.7,*,54.4,60.8,22.0,12.0,3.1,16.8,4.9,13.4,99.9,99.2,87.8,71.5,96.4,23.7,17,76.0,45.2
Muktsar ,Punjab,849,69.0,60.9,*,61.0,67.7,35.0,13.6,6.5,30.7,2.8,18.4,99.5,97.8,82.9,72.9,95.2,23.9,10.8,72.7,39.8
Faridkot ,Punjab,856,76.1,63.4,-57.7,63.2,58.9,28.1,10.3,2.8,20.7,2.7,16.3,99.0,92.5,87.5,79.1,94.0,20.4,6.7,75.3,46.5
Bathinda ,Punjab,824,69.6,59.7,*,59.7,59.4,23.0,15.4,4.8,23.8,1.2,16.5,100.0,99.1,88.4,78.1,91.5,20.1,6,72.5,41.1
Mansa ,Punjab,888,78.2,60.2,-68.2,60.4,63.5,36.6,12.1,3.4,22.7,3.1,16.1,99.5,99.3,85.4,52.3,97.3,18.4,10,69.4,37.5
Patiala ,Punjab,841,76.7,65.1,-71.7,65.3,66.8,20.3,9.9,1.8,16.9,0.4,14.0,99.7,99.1,88.1,80.4,94.3,33.8,4.3,78.6,56.0
Amritsar ,Punjab,836,73.6,52.6,-35.1,52.1,49.7,19.4,11.9,6.3,11.2,6.3,9.6,99.9,99.6,86.0,82.9,88.9,26.2,3.6,81.7,56.7
Tarn Taran ,Punjab,877,70.5,61.9,*,61.7,71.0,23.8,11.3,3.6,14.4,4.5,12.5,99.7,95.6,82.0,66.2,97.3,25.0,3.1,68.6,40.4
Rupnagar ,Punjab,816,65.5,64.4,*,64.5,63.7,15.1,9.1,3.2,15.3,2.5,13.4,99.8,98.5,84.0,63.9,96.9,37.8,7.7,88.9,64.0
Sahibzada Ajit Singh Nagar ,Punjab,821,63.7,59.6,-56.4,59.5,59.5,26.2,10.7,2.3,23.0,4.6,9.5,99.6,99.9,87.6,88.9,96.8,31.0,11,86.7,62.5
Sangrur ,Punjab,858,66.9,52.7,-49.4,52.6,62.7,23.4,10.4,3.8,18.1,2.7,14.1,99.6,99.7,92.4,69.8,95.3,18.7,14.5,79.8,54.4
Barnala ,Punjab,853,60.6,55.2,-58.5,55.2,56.5,33.8,9.4,2.4,16.5,6.1,13.0,99.8,99.8,90.7,73.5,93.8,20.7,24.5,78.8,53.1
Fazilka ,Punjab,897,70.0,67.1,-62.6,66.9,66.0,35.9,9.5,3.7,20.2,4.2,19.4,99.8,97.3,81.8,57.1,97.1,20.6,9.8,72.8,41.3
Firozpur ,Punjab,901,73.4,61.4,-62,61.5,61.1,30.0,12.9,2.2,22.0,2.9,12.6,99.6,95.6,84.8,68.6,97.6,21.0,8.5,75.7,47.5
Gurdaspur ,Punjab,855,70.1,55.7,-43.1,55.2,54.7,25.1,9.5,4.5,15.3,6.5,11.1,99.1,97.6,85.4,81.3,95.2,23.5,5,84.4,64.6
Pathankot ,Punjab,851,68.3,55.8,-31.8,55.0,57.4,22.1,10.3,2.9,10.8,7.8,11.0,99.9,98.6,79.2,79.8,96.6,27.0,0,90.5,74.0
Ganganagar ,Rajasthan,985,72.3,58.8,-64.3,59.0,67.2,24.5,24.9,10.8,26.1,4.5,14.3,96.9,94.4,83.4,45.5,98.1,85.3,6.8,71.0,39.3
Hanumangarh ,Rajasthan,989,81.0,60.4,-55.8,60.3,61.7,24.2,19.8,9.0,21.3,3.9,19.3,99.0,97.8,83.8,36.2,97.7,89.0,9.1,69.7,38.4
Bikaner ,Rajasthan,966,82.4,59.4,46.4,58.9,63.6,22.8,25.6,12.6,28.5,3.4,17.8,96.1,94.9,79.8,51.4,95.7,87.4,5.8,64.3,30.2
Churu ,Rajasthan,982,78.1,53.0,-51.5,52.9,51.2,27.1,16.5,5.2,23.4,4.0,20.3,96.6,98.2,80.2,40.6,90.9,81.9,6.8,66.0,33.4
Jhunjhunun ,Rajasthan,976,77.2,55.5,-50.7,55.4,57.0,20.9,13.9,9.1,19.6,5.9,20.0,99.0,98.4,79.0,55.5,94.9,86.1,6.1,76.1,45.2
Alwar ,Rajasthan,935,63.2,53.3,-49,53.2,55.3,33.9,15.6,7.1,24.0,4.1,24.3,97.8,97.6,66.0,34.9,92.6,80.8,24.5,65.6,35.1
Bharatpur ,Rajasthan,950,75.7,61.0,56.1,60.8,61.7,40.3,12.2,4.3,29.1,5.1,23.5,98.3,93.9,62.7,24.3,89.8,84.8,12.2,63.1,30.3
Dhaulpur ,Rajasthan,974,81.7,68.8,63.7,68.5,67.4,45.7,13.7,6.3,31.3,5.6,21.5,97.5,94.8,57.5,36.5,78.0,89.0,16.2,59.9,27.0
Karauli ,Rajasthan,979,75.9,61.1,-70.1,61.5,60.5,37.6,26.6,10.6,37.3,2.3,23.0,98.7,94.8,49.9,24.2,84.7,86.4,13.1,54.8,22.7
Sawai Madhopur ,Rajasthan,934,73.3,57.6,55.9,57.5,64.6,26.9,22.0,11.1,24.2,3.4,25.8,95.5,92.5,71.2,29.1,92.5,80.5,11.6,57.4,28.3
Dausa ,Rajasthan,982,74.4,60.3,-60,60.3,61.6,37.7,20.7,9.7,33.5,2.2,22.7,99.0,99.4,59.4,22.6,92.8,91.2,15.9,62.2,34.6
Jaipur ,Rajasthan,957,71.3,54.4,-43.7,54.1,53.6,25.0,14.6,4.2,20.8,2.0,16.6,99.5,99.9,79.6,60.1,95.3,81.5,19.8,73.8,47.9
Sikar ,Rajasthan,971,61.5,44.3,-32.9,44.0,42.1,23.1,12.8,6.3,18.3,4.1,21.4,99.2,99.4,77.9,58.4,94.5,82.4,9.1,73.3,41.4
Nagaur ,Rajasthan,985,65.1,45.6,-33.2,45.3,55.2,31.5,16.2,8.8,26.2,3.7,18.9,99.0,96.9,79.0,45.7,92.3,90.0,4.7,67.8,32.3
Jodhpur ,Rajasthan,978,64.4,44.2,23.6,43.4,50.1,32.6,13.3,6.0,25.4,5.5,16.9,98.4,96.5,75.4,56.1,94.5,87.5,1.7,68.2,34.6
Jaisalmer ,Rajasthan,979,58.6,44.7,-35.5,44.4,53.8,25.5,25.0,13.8,31.7,2.7,16.3,97.3,95.2,75.7,30.9,93.0,93.7,1.5,63.5,18.7
Barmer ,Rajasthan,973,67.1,50.0,36.6,49.4,61.6,39.1,11.5,6.2,31.7,2.2,19.7,95.5,99.9,83.6,26.8,92.5,97.8,3.4,67.6,25.6
Jalor ,Rajasthan,927,66.3,60.8,43.5,59.9,73.8,44.3,12.1,4.8,36.5,3.0,19.7,98.4,98.3,77.4,36.5,97.0,96.6,0.7,62.6,22.2
Sirohi ,Rajasthan,951,75.8,65.3,42.2,64.0,72.2,30.7,16.4,8.8,31.2,2.5,17.7,93.9,93.6,54.1,46.0,94.1,92.0,4.2,62.2,25.7
Pali ,Rajasthan,929,72.6,59.7,42.1,58.8,69.7,35.9,18.3,9.4,35.9,0.9,16.3,99.7,96.2,81.8,53.1,96.2,96.2,3.4,76.3,36.6
Ajmer ,Rajasthan,894,76.3,52.5,-59.6,52.7,54.4,22.3,20.0,11.7,23.1,2.8,14.2,99.9,98.1,77.5,52.9,97.7,88.7,10.1,70.2,40.2
Tonk ,Rajasthan,966,64.6,52.9,-49.9,52.8,59.6,33.1,18.1,10.3,28.2,4.8,23.8,97.8,90.9,66.2,24.1,96.9,84.5,15.2,56.4,27.3
Bundi ,Rajasthan,984,74.9,56.3,-44.8,55.9,57.2,30.0,19.6,6.2,29.1,1.0,29.6,98.4,95.7,56.3,26.5,94.9,87.7,9.3,57.9,27.4
Bhilwara ,Rajasthan,952,62.7,50.7,-42.8,50.4,52.6,22.6,17.4,8.5,23.5,2.7,16.3,99.3,93.1,62.3,26.5,96.2,89.1,10.3,58.1,25.3
Rajsamand ,Rajasthan,919,84.3,58.6,-52.3,58.4,63.3,30.3,16.6,10.2,23.7,4.5,18.1,98.9,94.8,72.1,37.1,97.5,93.2,5.4,69.7,33.9
Dungarpur ,Rajasthan,972,79.8,73.6,53.3,72.6,77.3,31.4,15.6,4.4,25.9,2.5,26.8,99.4,94.1,59.9,27.3,96.6,97.5,3.4,68.2,32.5
Banswara ,Rajasthan,976,82.1,53.1,-43.3,52.8,70.2,44.6,17.3,7.5,38.7,2.1,23.3,93.1,95.6,40.8,21.1,88.4,84.2,4.7,54.8,28.5
Chittaurgarh ,Rajasthan,972,72.4,45.4,-38.4,45.1,46.6,31.4,14.6,4.9,25.9,1.0,20.2,99.0,97.6,63.8,31.3,97.3,90.6,4.4,57.5,24.8
Kota ,Rajasthan,979,66.7,51.8,-49.5,51.8,59.5,29.5,20.8,7.9,26.4,3.3,15.5,99.4,99.6,79.0,72.3,96.0,80.9,15.7,77.9,44.0
Baran ,Rajasthan,985,65.1,60.1,-59.3,60.1,61.3,46.0,21.3,9.0,40.2,3.2,20.5,98.3,96.1,59.0,39.6,94.1,89.5,6.8,59.7,24.4
Jhalawar ,Rajasthan,977,73.1,51.7,-48.5,51.5,56.9,34.0,29.0,14.0,38.1,1.4,19.8,99.3,92.4,62.1,33.8,95.5,93.6,4.6,56.3,22.4
Udaipur ,Rajasthan,961,76.9,61.4,-39.7,60.5,63.3,34.0,8.6,3.1,26.6,1.8,17.5,98.1,92.7,60.3,34.3,98.4,94.3,3.9,64.2,30.1
Pratapgarh ,Rajasthan,978,65.8,53.0,-56.2,53.1,54.9,29.0,24.9,11.5,31.8,2.9,24.1,97.0,88.6,46.3,23.0,90.4,84.5,9,55.4,23.5
North  District ,Sikkim,882,53.5,37.0,-26.9,36.7,45.6,31.8,4.5,2.9,15.3,14.1,3.4,98.9,94.7,83.8,65.9,99.0,24.5,24.9,81.4,37.7
West District ,Sikkim,906,67.1,42.6,*,42.7,45.7,25.2,21.1,12.2,19.3,6.5,3.0,98.8,89.9,88.9,69.8,98.1,19.9,28.2,85.7,43.9
South District ,Sikkim,880,56.5,39.9,*,39.8,54.6,24.8,8.0,4.0,7.2,16.6,4.6,99.6,93.3,91.7,66.5,99.4,20.8,39.1,90.5,45.7
East District ,Sikkim,848,49.8,43.3,*,43.3,44.6,17.8,14.3,5.6,13.0,6.5,7.7,99.4,93.6,85.0,87.6,97.7,29.9,47.4,90.1,53.2
Thiruvallur ,Tamil Nadu,806,58.4,56.9,*,56.8,64.4,18.1,17.0,3.6,20.6,2.1,10.5,99.8,100.0,75.6,93.4,83.8,57.4,38.6,85.9,57.2
Chennai ,Tamil Nadu,743,55.3,50.5,*,50.3,52.8,20.4,18.3,7.6,21.9,9.4,7.4,99.9,98.7,90.4,97.7,97.0,58.2,#VALUE!,96.1,76.7
Kancheepuram ,Tamil Nadu,816,68.8,57.0,*,57.0,62.7,20.6,15.7,6.9,19.8,3.0,12.6,99.4,99.4,75.9,88.1,88.8,59.7,44.2,84.5,56.8
Vellore ,Tamil Nadu,880,60.9,50.7,*,50.6,47.2,29.8,13.1,2.5,19.7,4.2,11.4,99.3,97.7,76.2,85.3,93.8,71.4,16.6,84.7,52.5
Tiruvannamalai ,Tamil Nadu,874,64.7,56.3,*,56.6,49.3,30.6,14.8,4.0,25.0,3.3,12.6,99.0,98.5,61.7,70.7,90.3,69.6,24.8,81.7,50.2
Viluppuram ,Tamil Nadu,859,73.4,62.6,*,62.5,67.2,23.9,12.4,3.4,20.5,0.0,17.2,99.7,98.4,53.8,68.6,88.1,77.6,29,77.8,45.7
Salem ,Tamil Nadu,882,51.3,46.5,*,46.3,40.9,23.6,10.1,4.3,20.8,6.3,10.1,99.5,97.6,64.5,84.5,95.7,67.5,3.4,83.2,51.3
Namakkal ,Tamil Nadu,888,67.9,51.9,*,51.9,50.3,25.2,10.3,4.3,15.7,6.3,9.4,99.2,99.5,75.2,89.7,95.7,68.8,#VALUE!,88.9,55.7
Erode ,Tamil Nadu,877,46.5,55.3,*,55.4,64.2,19.4,20.9,11.2,26.9,2.8,11.4,99.6,98.9,67.6,95.9,97.6,77.7,20.7,83.1,57.8
The Nilgiris ,Tamil Nadu,904,45.9,44.4,*,44.2,37.7,26.7,17.3,7.7,23.2,8.5,10.8,98.6,96.4,83.6,81.5,98.4,74.5,29.3,90.6,63.4
Dindigul ,Tamil Nadu,924,50.2,42.9,-34.6,42.6,41.4,27.1,21.1,8.2,28.4,2.2,12.9,98.8,99.5,61.0,76.3,81.6,71.9,38,81.0,50.1
Karur ,Tamil Nadu,862,73.2,65.5,*,65.0,60.7,33.6,18.4,8.7,36.3,2.4,17.9,98.7,99.4,63.6,72.5,94.2,74.6,30,80.5,51.2
Tiruchirappalli ,Tamil Nadu,851,82.3,62.5,*,62.4,64.7,27.6,20.9,8.6,27.4,3.1,16.7,99.0,98.1,67.1,71.2,94.2,67.8,15.8,84.8,57.1
Perambalur ,Tamil Nadu,860,69.2,66.9,*,66.1,61.6,29.1,15.9,4.2,22.3,2.9,18.0,99.1,100.0,57.4,75.1,92.7,75.5,32.6,83.0,49.0
Ariyalur ,Tamil Nadu,864,62.0,62.4,-64.1,62.4,58.8,25.3,15.1,4.4,20.1,1.6,15.6,98.2,93.2,54.6,46.7,81.6,71.1,21.6,77.4,50.7
Cuddalore ,Tamil Nadu,876,64.8,58.6,*,58.6,55.6,20.2,13.9,4.0,18.0,1.6,14.8,99.2,99.5,61.3,75.6,88.1,64.4,15.9,80.5,50.1
Nagapattinam ,Tamil Nadu,862,60.9,63.2,-44.8,62.6,58.8,32.3,12.5,4.7,24.3,0.8,19.4,99.0,100.0,69.6,59.0,93.3,70.9,34.6,89.3,53.7
Thiruvarur ,Tamil Nadu,864,45.0,58.3,*,58.2,49.0,19.8,18.4,6.8,21.5,3.0,15.4,98.6,100.0,71.0,58.9,94.6,75.2,24.2,91.2,57.5
Thanjavur ,Tamil Nadu,826,64.8,59.1,*,59.0,60.0,19.6,8.3,3.7,21.9,4.9,12.7,98.8,99.7,79.6,69.4,95.3,70.6,30.1,86.4,54.3
Pudukkottai ,Tamil Nadu,895,71.1,62.5,-62.2,62.5,61.8,32.2,9.5,1.6,21.6,2.8,20.3,98.9,95.7,55.2,42.0,90.6,72.9,12.4,83.7,52.2
Sivaganga ,Tamil Nadu,922,56.4,51.6,*,51.5,36.4,27.6,22.8,11.6,28.4,9.1,12.7,99.4,96.5,74.4,75.2,93.2,67.7,10.5,88.0,59.9
Madurai ,Tamil Nadu,914,54.3,48.3,*,48.0,46.9,32.4,9.5,3.9,21.5,4.7,12.2,98.9,98.7,80.1,91.2,88.4,66.3,24.9,87.3,58.6
Theni ,Tamil Nadu,920,46.8,41.3,-36.6,41.2,35.5,20.2,15.5,6.6,18.8,4.2,10.3,99.4,99.9,74.4,89.9,76.8,67.4,29,86.9,56.9
Virudhunagar ,Tamil Nadu,914,58.9,57.1,*,56.9,59.7,29.2,14.4,7.6,23.7,6.8,14.1,99.5,97.4,59.8,90.5,89.5,51.3,6.6,85.3,53.5
Ramanathapuram ,Tamil Nadu,899,57.2,53.8,-46.7,53.6,52.2,26.4,17.7,6.0,21.6,6.3,15.7,99.3,93.9,78.6,82.7,90.6,69.7,14.5,86.1,53.7
Thoothukkudi ,Tamil Nadu,848,55.6,56.3,*,55.9,44.3,20.3,18.4,7.7,21.0,6.7,11.9,100.0,97.0,79.4,90.7,89.0,57.8,17.5,90.3,59.5
Tirunelveli ,Tamil Nadu,873,49.9,51.5,*,51.0,54.5,29.4,12.0,3.1,22.7,3.7,13.5,99.5,98.1,79.8,87.9,89.9,61.3,12.7,87.3,54.2
Kanniyakumari ,Tamil Nadu,839,39.1,45.5,-46.5,45.6,39.3,17.3,11.4,2.7,14.5,2.8,5.9,99.8,98.2,96.2,74.4,97.2,64.1,28.4,98.0,77.1
Dharmapuri ,Tamil Nadu,911,54.2,42.0,*,42.5,31.9,28.7,16.9,6.5,23.2,8.9,12.9,99.4,98.7,72.4,82.5,93.4,75.5,17.8,80.6,54.4
Krishnagiri ,Tamil Nadu,922,46.5,44.3,-33.3,44.0,39.4,29.0,10.4,4.7,19.3,10.1,11.7,99.2,99.8,75.9,86.0,95.2,73.6,12.8,79.9,53.9
Coimbatore ,Tamil Nadu,877,37.8,48.8,-51,48.9,51.4,23.0,7.0,2.7,18.5,4.2,10.1,99.4,99.9,78.5,95.5,98.8,61.0,52.9,90.6,62.8
Tiruppur ,Tamil Nadu,877,44.8,55.9,-40.8,55.2,56.0,21.5,15.3,10.3,23.1,6.2,9.9,99.5,99.8,75.9,95.4,98.3,59.9,19.2,87.5,55.1
Adilabad ,Telangana,913,76.3,61.1,-61,61.1,68.0,45.7,29.5,12.9,52.0,2.9,26.9,99.2,95.7,50.8,81.6,97.6,63.6,6.3,64.8,41.0
Bhadradri Kothagudem ,Telangana,893,69.3,69.3,-50.6,68.7,79.3,28.4,21.8,9.0,25.3,3.7,14.9,99.4,99.1,75.3,89.2,97.7,59.4,9.2,68.7,41.8
Hyderabad ,Telangana,703,63.6,52.5,*,52.7,70.6,30.4,17.7,8.0,18.9,4.3,12.4,99.9,99.6,84.4,99.5,97.4,48.9,19.9,83.6,63.2
Jagitial ,Telangana,898,59.9,56.4,*,56.3,66.2,29.9,17.5,8.4,32.3,5.5,22.5,99.3,97.3,76.5,94.7,96.5,59.2,6.2,62.4,43.5
Jangoan ,Telangana,888,69.5,57.3,*,57.5,58.8,33.4,22.9,10.1,30.9,6.4,18.2,99.3,99.4,84.3,91.1,96.8,71.7,9.3,65.5,44.0
Jayashankar Bhupalapally ,Telangana,897,67.9,66.4,*,65.9,64.9,32.5,31.8,14.6,36.7,1.4,17.7,99.3,95.1,65.6,90.3,97.7,71.5,3.9,58.9,36.3
Jogulamba Gadwal ,Telangana,890,82.4,64.1,-76.9,64.6,66.9,49.7,17.3,4.9,41.7,2.8,27.5,99.8,97.0,73.7,86.1,85.3,61.8,12.5,45.0,27.4
Kamareddy ,Telangana,899,71.6,59.5,*,58.9,65.5,33.4,34.5,17.9,43.9,3.1,21.7,99.5,99.4,68.2,82.3,93.6,66.5,8.2,58.6,35.6
Karimnagar ,Telangana,874,70.8,61.1,-61,61.1,73.2,30.3,13.9,4.8,27.5,5.9,20.6,99.7,98.3,78.8,94.9,99.1,58.6,16.4,70.3,50.8
Khammam ,Telangana,893,60.5,62.2,-68.8,62.4,61.7,22.2,24.7,15.0,26.2,6.0,12.8,99.7,98.4,84.5,97.1,96.6,60.4,8.6,66.3,40.9
Komaram Bheem Asifabad ,Telangana,897,70.7,67.3,-65.8,67.3,74.5,38.1,35.7,14.4,41.1,2.7,25.7,97.8,93.6,54.0,85.8,92.9,63.6,17.3,51.7,28.7
Mahabubabad ,Telangana,888,81.1,63.0,-54.1,62.8,70.3,33.0,19.3,5.2,26.3,3.6,18.6,99.6,98.2,68.6,86.6,96.2,69.3,25.8,58.0,34.7
Mahabubnagar ,Telangana,907,82.6,55.1,-44.9,54.7,61.2,42.6,17.8,8.7,33.0,4.1,24.0,99.4,99.6,73.7,85.9,94.1,70.3,20.2,59.6,40.4
Mancherial ,Telangana,890,58.7,57.1,*,56.7,62.3,25.9,22.1,10.0,27.4,3.4,21.9,99.6,95.6,78.1,93.1,97.7,64.4,16.1,69.5,48.8
Medak ,Telangana,881,70.0,54.8,*,54.4,57.7,36.4,21.3,3.5,42.0,1.1,25.4,99.4,99.9,78.2,80.1,97.1,61.2,14.2,57.7,39.3
Medchal-Malkajgiri ,Telangana,778,73.8,57.4,*,56.8,56.1,33.4,12.0,5.0,25.0,1.2,15.2,100.0,99.9,86.2,99.0,98.8,53.8,19.8,79.5,59.3
Nagarkurnool ,Telangana,896,75.1,53.5,*,54.0,62.1,35.1,27.3,7.0,30.9,2.5,19.1,99.9,99.6,73.2,87.3,92.0,68.6,18.9,57.1,36.0
Nalgonda ,Telangana,887,74.5,54.2,-58.3,54.3,60.6,31.7,29.8,14.5,28.0,1.7,15.5,99.9,99.2,76.4,94.6,87.5,64.8,11.5,62.6,40.9
Nirmal ,Telangana,899,65.3,58.1,-47.2,57.7,57.3,31.7,18.1,6.6,33.4,1.4,26.9,99.5,98.3,63.6,88.8,95.1,49.9,11.5,58.6,40.9
Nizamabad ,Telangana,891,65.3,57.7,-38.9,57.0,65.2,30.5,26.2,4.3,38.4,2.8,21.0,99.9,99.4,72.5,92.4,96.9,52.3,17.8,63.1,42.4
Peddapalli ,Telangana,892,69.6,64.6,*,64.6,78.3,27.5,28.8,15.6,33.1,1.6,16.5,99.5,98.0,77.8,96.6,97.8,59.1,12.5,73.7,46.6
Rajanna Sircilla ,Telangana,907,65.7,56.6,-36.6,56.0,61.4,22.4,19.4,8.9,26.1,2.3,18.6,99.8,98.7,77.4,96.6,98.5,62.8,9.1,64.7,46.4
Ranga Reddy ,Telangana,852,75.8,53.6,-44.8,53.2,58.0,37.8,13.9,5.1,29.5,4.0,14.9,99.7,99.4,81.1,97.0,98.2,58.3,19.8,72.1,51.4
Sangareddy ,Telangana,892,67.0,47.9,-63.9,48.3,59.5,32.9,25.0,5.9,35.1,3.0,20.0,99.6,99.4,68.0,81.1,97.5,58.1,19.4,63.6,41.5
Siddipet ,Telangana,883,63.5,56.9,*,56.7,76.6,28.1,19.3,4.7,29.6,1.5,17.9,99.5,97.2,84.1,93.2,98.5,60.9,14.7,71.0,51.3
Suryapet ,Telangana,893,76.6,58.1,-39.8,57.5,64.5,29.1,24.9,8.8,30.1,2.8,16.0,99.4,99.8,77.9,94.5,93.0,63.1,17,63.5,42.5
Vikarabad ,Telangana,880,70.0,61.3,*,61.0,62.0,32.1,20.0,5.8,37.1,0.8,25.6,99.1,99.7,66.7,76.0,89.1,59.6,6.4,59.3,38.3
Wanaparthy ,Telangana,902,75.3,58.5,-63.5,58.7,65.2,40.4,15.1,4.4,33.2,4.9,24.6,99.2,99.4,75.9,88.9,93.5,70.1,9.5,52.1,37.0
Warangal Rural ,Telangana,904,71.5,59.2,-61.5,59.3,64.3,36.1,19.0,8.9,37.9,2.4,22.6,99.7,99.0,74.3,87.8,97.4,72.0,22.6,60.1,40.0
Warangal Urban ,Telangana,888,67.0,57.8,*,57.9,54.9,29.5,29.5,12.6,36.0,4.4,16.8,99.6,99.1,81.2,94.6,96.6,62.0,11.6,76.9,57.2
Yadadri Bhuvanagiri ,Telangana,896,65.3,54.3,-38.5,53.8,60.1,38.3,10.3,3.0,27.2,5.5,19.4,99.6,99.7,81.9,94.9,98.7,65.3,27.2,68.4,48.0
Dhalai ,Tripura,920,81.2,69.7,-75.4,70.0,65.4,45.7,15.9,7.7,27.6,13.1,15.9,97.7,70.3,67.6,34.0,98.7,44.2,11.9,71.6,13.9
Gomati ,Tripura,889,70.7,62.6,-52.8,62.3,63.2,22.7,27.6,11.2,29.0,3.4,14.1,98.8,87.7,77.4,47.7,99.0,29.9,30.9,77.2,22.8
Khowai ,Tripura,908,73.4,63.7,-63.7,63.7,64.8,47.0,16.6,6.2,24.7,8.1,18.7,99.0,83.2,67.8,41.5,100.0,44.1,21.3,80.5,18.9
North Tripura ,Tripura,909,52.5,69.6,-55.3,69.3,72.3,26.2,30.0,18.1,32.2,9.0,18.6,96.2,75.6,74.1,41.6,99.2,28.7,25.1,83.1,23.7
Sepahijala ,Tripura,888,72.1,69.8,-55.8,69.4,70.4,34.5,14.9,6.7,21.0,12.4,13.9,99.0,97.4,75.4,37.1,99.7,31.6,17.6,79.6,21.7
South Tripura ,Tripura,888,59.6,66.8,-57.1,66.5,70.8,25.5,15.3,5.2,21.6,5.0,16.8,95.9,90.5,68.6,29.4,99.3,37.3,23.6,80.3,21.6
Unakoti ,Tripura,904,62.8,67.4,-76.7,67.9,72.9,31.8,19.3,4.0,32.0,1.9,26.0,96.4,78.6,61.8,29.2,99.3,28.0,26.2,76.4,18.7
West Tripura ,Tripura,903,54.5,67.6,-56.2,67.3,64.9,30.3,11.7,2.1,21.2,8.7,13.7,99.8,98.5,80.2,65.2,99.8,28.1,32.3,86.2,30.9
Saharanpur ,Uttar Pradesh,966,68.1,41.8,-30.1,41.4,46.9,28.8,22.0,12.9,26.7,1.9,12.8,98.3,99.7,83.8,56.6,96.2,11.8,7.8,73.8,38.2
Bijnor ,Uttar Pradesh,949,60.9,45.9,47,46.0,46.8,36.2,9.4,2.0,21.9,2.7,17.0,96.1,99.7,78.2,45.8,95.1,18.8,14.8,74.1,39.7
Rampur ,Uttar Pradesh,876,69.6,55.7,51.2,55.4,59.3,40.4,17.6,5.9,32.1,2.1,13.6,96.2,100.0,79.0,46.2,90.1,13.1,13.2,59.3,26.9
Jyotiba Phule Nagar ,Uttar Pradesh,973,69.6,47.9,40.4,47.6,51.7,42.2,22.5,12.5,35.4,4.6,16.0,96.4,99.7,78.9,45.4,90.4,8.3,6.1,64.4,35.4
Meerut ,Uttar Pradesh,918,55.2,45.5,44.9,45.5,45.1,32.1,10.2,2.1,23.7,1.3,12.8,98.6,99.7,82.7,68.5,96.2,18.4,13.8,80.2,47.3
Baghpat ,Uttar Pradesh,930,60.2,52.6,-70.7,53.3,56.5,25.5,10.3,3.9,26.0,1.7,14.9,98.5,99.9,87.0,51.5,96.6,12.5,3.8,78.1,44.0
Gautam Buddha Nagar ,Uttar Pradesh,713,62.9,59.3,-61.9,59.4,57.8,25.5,12.0,3.5,21.9,0.6,15.0,99.4,99.9,74.0,75.0,97.2,23.8,21.8,80.6,51.9
Bulandshahr ,Uttar Pradesh,924,64.1,51.5,61.2,52.0,54.0,37.6,13.8,2.6,26.5,2.9,15.8,96.3,100.0,81.5,48.4,95.7,20.5,5.9,72.1,37.8
Aligarh ,Uttar Pradesh,883,62.6,56.4,-59,56.5,52.5,35.0,10.9,4.0,26.3,2.0,18.6,95.3,100.0,69.4,51.4,96.9,17.6,8.3,68.7,37.5
Mahamaya Nagar ,Uttar Pradesh,946,72.1,58.1,61,58.2,60.9,39.1,12.0,4.7,24.5,3.7,15.9,94.9,99.0,73.3,46.5,93.9,10.9,10,68.7,39.1
Mathura ,Uttar Pradesh,935,77.2,63.5,55.2,63.0,67.8,31.6,11.0,3.2,21.3,2.1,18.1,98.2,98.4,71.2,47.3,90.3,10.8,12.8,67.9,34.7
Agra ,Uttar Pradesh,944,73.0,59.4,-61.8,59.4,61.4,35.9,16.4,4.6,26.2,3.4,15.4,99.1,99.8,70.8,67.5,93.1,9.4,9.6,65.0,36.1
Firozabad ,Uttar Pradesh,951,73.9,57.7,45.8,57.1,61.8,46.9,9.5,3.8,25.6,4.8,18.8,96.3,99.4,69.0,53.5,88.0,13.4,10.9,74.4,42.4
Mainpuri ,Uttar Pradesh,976,70.4,58.2,48.4,57.8,61.4,44.3,14.6,6.7,33.6,4.0,15.3,95.2,99.6,63.1,39.8,74.9,16.1,14.9,78.4,45.8
Bareilly ,Uttar Pradesh,874,67.7,61.3,-50.9,60.8,66.2,45.9,15.4,5.6,35.2,1.4,18.2,92.5,100.0,79.7,54.6,93.5,18.7,3.3,54.7,22.1
Pilibhit ,Uttar Pradesh,898,57.3,52.6,-40.1,52.0,58.4,38.9,20.1,7.5,39.4,1.4,16.4,86.8,100.0,76.8,48.1,91.2,21.4,8.9,59.3,28.5
Shahjahanpur ,Uttar Pradesh,980,75.4,60.6,56,60.3,58.7,44.5,17.0,8.1,34.7,3.2,17.8,84.1,100.0,69.2,40.4,79.8,14.2,6.1,59.5,27.7
Kheri ,Uttar Pradesh,971,66.3,52.8,-56.1,53.0,52.5,47.6,15.8,3.9,36.3,2.2,30.9,84.2,99.9,65.6,35.9,92.1,22.0,5.3,62.0,28.7
Sitapur ,Uttar Pradesh,960,66.4,55.2,57.8,55.3,61.2,47.8,18.2,6.5,37.9,2.9,30.1,68.4,99.7,52.5,31.5,96.2,23.2,9.8,59.2,23.9
Hardoi ,Uttar Pradesh,983,76.1,59.5,63.3,59.7,61.1,44.5,22.3,9.9,33.0,5.4,22.9,71.0,99.9,55.7,29.0,82.9,16.0,15.1,59.3,26.5
Unnao ,Uttar Pradesh,984,76.0,49.6,-33.8,48.9,49.6,39.2,12.1,5.1,29.3,7.5,22.6,75.4,98.5,60.3,43.4,68.7,15.3,10.4,68.2,37.0
Lucknow ,Uttar Pradesh,832,52.9,55.9,*,55.8,52.8,32.1,11.5,1.4,25.5,2.0,15.7,96.8,99.8,80.4,78.3,97.0,15.8,8,79.8,51.9
Farrukhabad ,Uttar Pradesh,969,77.1,57.5,47.7,56.9,58.3,47.8,14.3,6.1,31.1,4.7,18.3,91.8,99.7,72.6,45.5,77.5,13.5,4.5,65.1,33.3
Kannauj ,Uttar Pradesh,989,79.6,65.2,66.4,65.2,68.8,43.0,21.5,10.8,33.5,5.2,20.5,87.3,99.9,70.1,35.5,80.6,15.3,17.4,68.3,37.3
Etawah ,Uttar Pradesh,978,74.0,57.6,51.9,57.4,65.6,38.8,13.9,6.2,24.3,2.6,16.0,95.7,99.5,78.1,48.6,77.2,17.9,12.9,79.7,45.7
Auraiya ,Uttar Pradesh,977,64.2,39.0,42.1,39.1,44.0,39.7,19.4,9.2,32.6,7.3,18.8,94.0,99.5,74.3,33.7,93.9,18.4,8.4,79.3,46.2
Kanpur Dehat ,Uttar Pradesh,979,69.2,54.6,-60.2,54.9,55.6,44.1,12.5,6.7,32.8,6.8,17.1,79.8,99.4,70.6,39.3,81.7,17.9,16.6,75.6,45.4
Kanpur Nagar ,Uttar Pradesh,980,76.3,57.4,-46.3,57.0,63.0,34.6,21.4,12.6,27.8,5.8,13.8,89.3,98.8,77.5,76.9,92.8,16.1,22,82.7,58.5
Jalaun ,Uttar Pradesh,978,55.2,44.0,-52.7,44.2,39.5,45.1,19.5,8.5,36.1,2.3,22.2,96.9,99.0,80.2,36.5,91.4,17.6,9.9,71.0,38.9
Jhansi ,Uttar Pradesh,984,70.3,41.5,-35.7,41.3,40.2,40.9,25.2,10.4,39.3,3.3,18.7,95.2,96.8,73.2,51.9,97.7,11.4,8.6,72.5,43.3
Lalitpur ,Uttar Pradesh,982,56.0,37.5,51,38.1,42.0,46.6,18.7,7.5,34.8,6.7,22.4,94.1,96.6,64.2,20.3,90.7,11.7,5.6,61.3,23.8
Hamirpur ,Uttar Pradesh,980,68.5,46.4,-34.5,46.1,49.7,48.0,20.6,10.7,36.3,9.1,22.5,94.6,99.4,77.7,29.0,94.4,21.9,4.5,73.2,37.6
Mahoba ,Uttar Pradesh,978,70.1,49.5,-45.2,49.4,53.5,42.3,25.0,11.7,33.4,5.0,28.0,95.9,94.3,69.0,28.2,93.8,16.2,3.2,69.7,30.7
Banda ,Uttar Pradesh,977,82.2,52.3,-50.3,52.2,54.5,51.0,25.7,13.0,49.8,6.3,25.7,89.2,98.2,59.3,26.8,90.4,13.3,4.8,62.6,27.1
Chitrakoot ,Uttar Pradesh,985,55.3,46.7,43.9,46.6,51.9,47.5,24.8,12.0,41.8,6.7,24.1,92.0,97.0,56.7,31.2,75.8,17.4,7.6,62.1,30.2
Fatehpur ,Uttar Pradesh,989,78.1,63.7,49,63.0,60.5,51.1,17.8,9.1,38.0,3.6,24.7,76.8,98.8,63.1,38.9,76.2,16.8,12.6,66.5,37.3
Pratapgarh ,Uttar Pradesh,916,58.0,49.9,-27.1,48.9,51.6,35.5,10.0,2.5,27.7,1.3,19.6,92.5,97.8,52.0,37.1,95.7,14.9,8.7,77.7,49.7
Kaushambi ,Uttar Pradesh,914,65.5,54.6,-49.6,54.4,54.8,40.2,18.3,4.3,36.8,0.8,24.1,78.7,98.3,59.6,37.0,97.7,20.2,10,62.0,31.9
Allahabad ,Uttar Pradesh,856,50.5,46.5,-43,46.4,49.1,37.9,15.1,4.3,32.6,1.0,17.3,95.0,95.8,59.5,45.1,96.8,20.6,13.1,70.8,47.6
Bara Banki ,Uttar Pradesh,967,65.5,55.0,-60.7,55.3,61.1,41.9,18.1,7.8,31.9,3.0,26.0,74.8,98.8,62.4,47.8,78.2,14.6,15.9,61.1,29.5
Faizabad ,Uttar Pradesh,914,57.7,52.7,-39.3,52.3,52.7,30.6,12.4,2.0,27.5,2.6,20.0,90.3,100.0,64.4,41.3,94.1,19.8,9,77.7,49.0
Ambedkar Nagar ,Uttar Pradesh,908,54.9,52.9,-47.9,52.7,55.0,31.1,17.8,3.9,29.2,1.9,26.7,94.2,100.0,63.6,32.2,98.3,23.0,10,78.5,53.0
Bahraich ,Uttar Pradesh,956,71.7,48.8,48.6,48.8,52.6,52.1,14.4,7.5,38.0,4.1,29.9,77.8,100.0,44.2,38.2,85.1,10.1,8.4,41.6,14.4
Shrawasti ,Uttar Pradesh,974,61.2,44.6,41,44.4,46.4,50.9,20.3,9.3,40.8,3.3,22.8,73.7,99.3,58.1,36.9,81.9,13.5,0.6,40.8,15.9
Balrampur ,Uttar Pradesh,979,75.4,54.8,38.1,53.7,54.7,41.2,24.9,14.3,37.2,3.9,22.2,78.4,99.8,59.7,39.6,96.9,13.0,9.9,44.9,16.8
Gonda ,Uttar Pradesh,972,62.0,49.3,48.8,49.3,51.6,45.9,12.1,3.8,28.0,4.7,24.6,88.9,100.0,44.6,56.2,85.1,13.4,7.1,60.4,31.5
Siddharthnagar ,Uttar Pradesh,949,75.8,51.4,46.2,51.2,50.9,37.2,24.8,14.5,36.3,2.8,25.8,90.7,99.9,42.8,50.6,99.0,12.2,9.6,49.1,17.0
Basti ,Uttar Pradesh,979,58.4,40.3,-28.8,39.9,41.1,35.9,24.2,15.2,39.2,2.7,20.0,94.6,100.0,64.2,57.0,97.5,15.8,5.7,65.3,40.9
Sant Kabir Nagar ,Uttar Pradesh,958,71.6,43.8,36.2,43.5,47.1,42.3,19.0,8.8,34.2,2.9,19.3,94.0,99.9,65.1,58.1,98.2,20.4,4.2,62.7,34.8
Mahrajganj ,Uttar Pradesh,946,60.5,47.3,-38.9,47.1,43.4,40.5,21.8,9.1,37.4,3.4,17.9,94.8,100.0,66.7,65.1,98.1,18.2,6.6,64.1,33.8
Gorakhpur ,Uttar Pradesh,958,67.4,53.4,41.4,52.9,55.8,29.6,23.3,12.0,33.7,1.3,18.0,94.9,99.8,69.6,66.8,98.4,17.9,10.7,70.1,42.8
Kushinagar ,Uttar Pradesh,946,52.8,42.7,-31.9,42.3,45.7,32.2,24.3,9.0,36.6,2.2,19.0,91.5,100.0,73.1,55.2,97.9,15.6,12.8,64.4,34.1
Deoria ,Uttar Pradesh,949,54.9,34.2,-21.1,33.8,39.0,36.8,26.5,10.8,39.4,3.4,16.8,95.3,99.8,69.1,67.2,97.0,10.5,7.5,73.7,50.4
Azamgarh ,Uttar Pradesh,902,58.9,54.2,-58,54.3,57.8,33.4,14.4,4.3,28.0,0.5,22.1,96.5,100.0,72.8,37.6,99.3,9.0,17.3,78.9,52.6
Mau ,Uttar Pradesh,960,62.7,44.5,-37.2,44.3,53.8,25.4,21.2,9.6,30.3,1.2,16.5,94.2,99.8,75.1,54.2,98.4,16.0,14.6,74.4,53.1
Ballia ,Uttar Pradesh,959,71.6,53.0,-16.3,52.2,58.0,43.8,21.9,10.7,42.5,2.2,16.8,89.1,99.8,61.7,53.8,96.4,10.6,9.4,73.3,50.1
Jaunpur ,Uttar Pradesh,977,65.3,34.1,-30.5,34.0,41.4,40.5,14.8,6.7,30.3,2.7,17.5,98.2,99.1,62.6,55.2,97.6,12.0,1.9,77.3,52.7
Ghazipur ,Uttar Pradesh,966,71.6,46.2,-29.8,45.7,49.8,39.3,25.7,13.9,38.3,3.6,19.4,91.8,99.3,64.1,39.3,98.2,10.6,1.8,75.8,51.4
Chandauli ,Uttar Pradesh,950,64.6,48.5,-55.4,48.7,52.4,39.5,17.4,7.4,29.9,0.6,21.4,91.9,97.5,66.7,42.3,98.9,28.1,12.6,73.9,47.2
Varanasi ,Uttar Pradesh,936,65.2,38.2,-17.3,37.6,42.0,37.4,21.0,13.3,39.0,3.1,15.7,97.2,98.4,83.2,71.5,99.9,12.8,13,80.6,55.0
Sant Ravidas Nagar (Bhadohi) ,Uttar Pradesh,884,59.2,43.2,53.8,43.8,39.7,42.7,9.1,2.4,26.5,2.3,15.8,96.5,96.7,68.8,39.9,98.7,18.8,2.5,72.6,46.5
Mirzapur ,Uttar Pradesh,942,59.8,42.3,-36.4,42.1,43.6,43.4,12.5,3.3,27.6,2.9,20.9,92.7,96.9,72.3,42.5,97.0,15.0,2.8,73.4,43.8
Sonbhadra ,Uttar Pradesh,952,63.0,44.2,-52.9,44.5,44.2,38.3,26.8,17.4,46.5,0.9,20.9,82.9,89.6,70.6,30.4,98.2,19.7,13,64.8,35.7
Etah ,Uttar Pradesh,953,77.4,56.0,44.6,55.4,60.9,48.8,15.0,8.4,30.6,3.7,18.7,88.0,99.8,62.7,39.6,74.8,12.8,11.8,70.8,38.8
Kanshiram Nagar ,Uttar Pradesh,950,80.8,66.1,44.8,64.6,64.1,45.1,19.3,9.9,35.5,4.6,17.7,87.2,99.4,69.8,36.6,84.2,15.1,9.7,60.6,29.7
Amethi ,Uttar Pradesh,906,52.4,46.6,-36.6,46.1,45.4,35.8,19.9,5.1,33.1,1.2,21.0,92.3,98.7,60.9,26.4,97.2,20.9,5.3,67.3,34.6
Budaun ,Uttar Pradesh,944,72.2,56.2,39.3,55.3,55.6,51.8,18.2,6.8,43.0,3.8,19.4,80.7,99.8,69.7,39.8,91.4,13.6,6.2,52.4,21.6
Ghaziabad ,Uttar Pradesh,716,61.8,55.9,-39.6,55.2,59.8,28.2,17.1,3.0,23.4,3.0,11.1,99.9,99.1,84.5,92.4,96.3,20.0,1.6,81.8,55.2
Hapur ,Uttar Pradesh,976,69.4,51.7,30.8,50.6,55.7,30.2,18.5,9.2,26.9,5.1,9.4,98.8,99.9,85.6,68.0,96.0,14.9,9.8,75.3,43.5
Moradabad ,Uttar Pradesh,953,67.6,45.5,33.6,44.9,43.4,34.7,19.1,9.8,27.0,2.3,13.4,96.0,99.8,79.0,58.3,95.1,17.1,10.1,69.4,42.6
Muzaffarnagar ,Uttar Pradesh,932,65.4,46.2,-40.2,46.0,48.8,29.8,20.7,9.9,29.9,4.2,11.1,97.8,99.9,80.1,59.8,96.3,8.2,4.4,73.4,41.8
Rae Bareli ,Uttar Pradesh,985,76.4,48.3,-44.4,48.2,49.7,47.0,13.0,6.3,28.8,4.3,18.5,88.9,98.1,55.0,39.4,79.5,16.8,3.6,66.5,36.1
Sambhal ,Uttar Pradesh,963,69.8,51.1,53,51.3,57.3,51.6,14.1,5.6,29.8,3.8,16.1,91.9,100.0,72.8,38.2,91.1,13.7,7,52.6,24.1
Shamli ,Uttar Pradesh,950,65.2,42.4,28.8,41.7,49.5,28.6,24.3,13.2,27.5,2.1,9.8,98.7,99.9,83.3,53.6,95.7,14.8,4,65.8,32.6
Sultanpur ,Uttar Pradesh,922,62.3,49.5,65.2,50.2,45.4,33.4,10.7,2.5,28.3,1.4,20.8,94.3,99.5,65.1,33.7,97.0,20.7,15.1,74.9,46.6
Uttarkashi ,Uttarakhand,947,73.6,60.8,64,60.9,66.1,34.1,10.6,5.4,23.5,2.7,12.9,99.6,96.1,75.7,32.6,87.2,80.3,4.2,81.2,53.6
Chamoli ,Uttarakhand,929,65.5,41.8,-40.9,41.8,39.3,34.1,16.2,5.0,21.6,7.5,9.6,99.5,94.4,87.6,37.4,93.8,71.1,28.2,90.5,59.0
Rudraprayag ,Uttarakhand,962,52.4,40.7,-35.4,40.6,43.1,25.2,8.0,2.4,10.9,4.2,8.8,99.5,93.9,86.8,35.1,91.7,76.6,19.2,87.2,56.4
Tehri Garhwal ,Uttarakhand,947,61.7,41.9,-54,42.2,46.9,29.3,12.8,5.2,20.7,2.2,12.7,99.9,84.1,84.6,34.9,92.8,71.2,33.6,75.5,50.8
Dehradun ,Uttarakhand,872,59.5,47.9,*,47.9,45.6,20.9,10.1,2.4,19.1,3.8,13.1,99.7,99.0,83.9,88.8,92.3,67.3,19.3,87.6,62.6
Garhwal ,Uttarakhand,894,57.2,40.8,*,40.3,44.3,30.0,12.0,5.0,18.8,4.7,16.1,99.4,83.5,83.3,48.1,92.3,62.7,39.2,85.8,56.2
Pithoragarh ,Uttarakhand,967,36.2,25.2,-34.5,25.5,30.2,25.6,12.4,6.9,20.6,4.4,11.5,99.6,90.9,84.5,45.9,97.7,72.8,23,89.1,55.5
Bageshwar ,Uttarakhand,975,43.7,27.8,-27.6,27.8,27.3,23.6,7.7,3.7,11.9,3.5,17.2,99.8,92.0,88.5,34.6,98.6,71.9,41.8,87.8,52.2
Almora ,Uttarakhand,975,57.7,34.0,-14.5,33.4,31.8,26.0,17.0,6.1,22.9,4.4,15.6,99.9,93.3,89.2,35.9,88.1,66.0,40.4,88.0,48.0
Champawat ,Uttarakhand,979,43.1,32.6,-30.1,32.5,33.6,24.9,12.4,5.8,15.3,4.7,14.6,99.6,95.4,82.7,39.8,97.1,65.7,23.9,84.7,51.0
Nainital ,Uttarakhand,939,59.8,34.6,-31.2,34.5,38.0,23.2,14.0,5.9,14.8,7.5,12.7,99.1,93.0,82.4,71.6,97.4,60.8,51.2,85.4,55.2
Udham Singh Nagar ,Uttarakhand,940,60.8,51.1,-48.8,51.0,51.6,26.8,12.4,3.1,22.0,2.4,14.1,99.6,99.9,70.9,64.0,95.9,59.0,31.4,72.3,41.1
Hardwar ,Uttarakhand,843,63.1,42.8,-63.6,43.8,31.5,31.1,16.4,6.4,27.0,4.0,15.9,99.7,99.6,69.8,61.5,89.8,46.6,40.3,76.4,40.3
Darjiling ,West Bengal,898,68.1,59.1,*,59.2,60.1,34.3,20.6,11.6,31.6,8.2,11.8,98.2,90.8,83.0,68.8,97.7,26.3,7.6,77.0,41.3
Jalpaiguri ,West Bengal,919,67.4,72.2,-44.8,71.4,66.6,28.9,18.3,7.3,25.4,5.5,15.8,97.4,95.2,73.2,42.7,94.8,35.8,30,73.6,33.9
Koch Bihar ,West Bengal,920,66.4,74.9,-72,74.8,71.2,28.7,16.8,5.2,22.5,2.3,18.1,98.2,99.3,75.7,25.7,97.6,36.0,27.8,79.2,26.7
Uttar Dinajpur ,West Bengal,922,77.2,71.9,84.4,72.4,63.6,44.8,16.0,7.2,32.0,7.1,16.5,96.9,99.8,63.8,27.2,93.7,21.0,4.1,65.4,29.3
Dakshin Dinajpur ,West Bengal,920,72.5,82.8,-61.4,82.0,78.7,31.9,22.8,9.6,30.2,3.9,14.9,96.5,99.7,79.0,28.7,97.3,28.3,21.9,74.3,30.5
Maldah ,West Bengal,911,71.0,73.8,-67.6,73.6,68.5,40.5,20.0,6.3,35.3,3.3,15.7,98.1,99.0,62.0,29.6,97.8,29.0,13.4,72.3,30.0
Murshidabad ,West Bengal,917,72.1,78.0,-66.7,77.6,73.0,39.8,16.3,3.7,32.4,3.6,19.9,96.7,99.1,69.7,30.7,92.5,28.4,17.2,67.6,24.2
Birbhum ,West Bengal,922,76.5,78.2,-66,77.7,78.6,37.0,25.5,5.6,41.8,3.4,20.5,97.8,99.4,55.0,28.1,93.3,37.7,7.3,70.8,25.8
Nadia ,West Bengal,919,63.6,73.8,-58.7,73.4,68.2,26.1,17.6,7.5,25.1,3.0,8.3,98.2,98.2,78.4,34.2,96.0,23.0,29.1,76.2,28.3
North Twenty Four Pargana ,West Bengal,924,57.9,65.4,-62.3,65.3,68.4,32.4,13.3,5.0,23.6,6.5,6.5,99.5,99.5,80.4,58.9,98.9,30.7,26.3,85.5,40.7
Hugli ,West Bengal,892,67.9,75.1,*,75.1,75.1,28.9,20.0,5.0,33.4,5.2,14.1,98.4,98.1,76.2,54.6,90.5,26.5,15.1,77.4,37.0
Bankura ,West Bengal,889,67.1,77.3,-71.3,77.0,80.3,30.3,26.0,8.3,38.8,1.9,28.0,92.3,96.3,49.2,20.8,86.8,43.4,13.1,68.3,27.9
Puruliya ,West Bengal,912,77.9,76.9,-72.2,76.7,79.2,36.9,29.4,7.9,46.3,1.0,33.7,88.6,87.6,29.2,23.2,89.7,35.6,10.6,61.0,26.9
Haora ,West Bengal,916,67.7,65.6,*,65.3,67.1,27.5,21.3,10.5,27.3,4.6,10.3,99.0,99.5,72.9,61.9,97.4,20.1,19,80.5,40.1
Kolkata ,West Bengal,879,72.3,58.4,*,58.2,61.4,29.6,29.3,16.9,32.9,6.0,6.6,99.6,99.3,60.9,91.7,98.6,21.1,20.1,87.6,55.4
South Twenty Four Pargana ,West Bengal,917,70.4,62.1,-47.4,61.6,57.3,36.7,21.2,11.8,32.2,7.0,9.9,99.2,100.0,70.1,36.2,94.1,36.7,21.4,85.6,34.9
Paschim Medinipur ,West Bengal,910,66.0,82.0,-62.9,81.5,84.5,31.1,30.3,9.6,40.0,1.7,18.9,95.4,95.5,58.3,17.5,93.8,25.8,41.5,70.9,26.2
Purba Medinipur ,West Bengal,873,67.5,70.5,-66.4,70.4,73.8,25.8,15.5,3.0,30.6,3.1,16.5,99.0,87.8,69.8,17.0,90.0,21.5,23.3,77.0,30.9
Paschim Barddhaman ,West Bengal,912,74.7,66.5,49.4,65.8,65.6,39.7,25.5,8.0,41.0,3.1,18.4,97.0,95.2,71.5,56.3,89.8,21.8,10.2,73.5,37.1
Purba Barddhaman ,West Bengal,915,71.5,78.4,-63.7,77.9,78.2,32.7,21.1,5.4,31.6,3.0,16.3,96.8,99.1,64.2,32.1,95.2,37.2,17.5,73.2,27.3
